시군명,읍면동명,등록동물수(마리),(등록주체)시군구등록,(등록주체)대행업체등록,(등록주체)기타,(RFID종류)내장형,(RFID종류)외장형,(RFID종류)인식표,등록품종수,등록소유자수,동물소유자당등록동물수,해당동의등록대행업체수,데이터기준일자
가평군,가평읍,941,,,,596,294,51,,85.0,,3.0,2022-06-14
가평군,북면,289,,,,176,93,20,,185.0,,0.0,2022-06-14
가평군,상면,399,,,,217,153,29,,243.0,,0.0,2022-06-14
가평군,설악면,1111,,,,446,612,53,,625.0,,1.0,2022-06-14
가평군,조종면,416,,,,218,161,37,,274.0,,1.0,2022-06-14
가평군,청평면,861,,,,517,253,91,,594.0,,2.0,2022-06-14
고양시,가좌동,1354,6.0,1347.0,1.0,848,348,158,64.0,952.0,1.42,,2022-06-03
고양시,강매동,63,0.0,63.0,0.0,57,5,1,15.0,30.0,2.1,,2022-06-03
고양시,고양동,1577,19.0,1557.0,1.0,968,510,99,63.0,1182.0,1.33,,2022-06-03
고양시,관산동,1184,15.0,1169.0,0.0,672,442,70,60.0,855.0,1.38,,2022-06-03
고양시,구산동,152,2.0,150.0,0.0,97,42,13,31.0,90.0,1.69,,2022-06-03
고양시,내곡동,84,2.0,82.0,0.0,54,25,5,24.0,55.0,1.53,,2022-06-03
고양시,내유동,1233,18.0,1215.0,0.0,719,433,81,66.0,846.0,1.46,,2022-06-03
고양시,대자동,165,5.0,160.0,0.0,86,64,15,34.0,119.0,1.39,,2022-06-03
고양시,대장동,112,1.0,111.0,0.0,67,38,7,25.0,76.0,1.47,,2022-06-03
고양시,대화동,3964,28.0,3935.0,1.0,2619,1112,233,100.0,2950.0,1.34,,2022-06-03
고양시,덕은동,177,3.0,174.0,0.0,81,86,10,43.0,115.0,1.54,,2022-06-03
고양시,덕이동,2546,14.0,2532.0,0.0,1513,899,134,87.0,1697.0,1.5,,2022-06-03
고양시,도내동,1013,10.0,1003.0,0.0,558,413,42,56.0,779.0,1.3,,2022-06-03
고양시,동산동,1315,7.0,1308.0,0.0,719,518,78,63.0,716.0,1.84,,2022-06-03
고양시,마두동,2878,33.0,2840.0,5.0,1884,857,137,73.0,2296.0,1.25,,2022-06-03
고양시,문봉동,138,2.0,136.0,0.0,76,54,8,36.0,91.0,1.52,,2022-06-03
고양시,백석동,4380,40.0,4339.0,1.0,2764,1343,273,99.0,3231.0,1.36,,2022-06-03
고양시,법곳동,124,3.0,121.0,0.0,82,30,12,30.0,82.0,1.51,,2022-06-03
고양시,벽제동,253,1.0,252.0,0.0,167,74,12,35.0,142.0,1.78,,2022-06-03
고양시,북한동,6,0.0,6.0,0.0,1,4,1,4.0,4.0,1.5,,2022-06-03
고양시,사리현동,503,6.0,497.0,0.0,262,202,39,48.0,346.0,1.45,,2022-06-03
고양시,산황동,29,0.0,29.0,0.0,19,8,2,14.0,21.0,1.38,,2022-06-03
고양시,삼송동,1307,18.0,1287.0,2.0,681,532,94,69.0,941.0,1.39,,2022-06-03
고양시,선유동,84,1.0,83.0,0.0,64,19,1,18.0,22.0,3.82,,2022-06-03
고양시,설문동,283,5.0,277.0,1.0,176,90,17,44.0,154.0,1.84,,2022-06-03
고양시,성사동,2021,21.0,1999.0,1.0,1175,776,70,75.0,1553.0,1.3,,2022-06-03
고양시,성석동,1054,8.0,1045.0,1.0,662,312,80,69.0,644.0,1.64,,2022-06-03
고양시,식사동,2919,16.0,2901.0,2.0,1613,1117,189,86.0,2244.0,1.3,,2022-06-03
고양시,신원동,1181,21.0,1160.0,0.0,603,513,65,58.0,903.0,1.31,,2022-06-03
고양시,신평동,17,0.0,17.0,0.0,11,4,2,10.0,8.0,2.13,,2022-06-03
고양시,오금동,126,0.0,126.0,0.0,64,57,5,30.0,86.0,1.47,,2022-06-03
고양시,용두동,150,2.0,148.0,0.0,71,61,18,36.0,90.0,1.67,,2022-06-03
고양시,원당동,130,0.0,130.0,0.0,81,45,4,29.0,85.0,1.53,,2022-06-03
고양시,원흥동,1190,42.0,1148.0,0.0,626,492,72,65.0,867.0,1.37,,2022-06-03
고양시,일산동,5115,33.0,5081.0,1.0,3274,1547,294,86.0,3968.0,1.29,,2022-06-03
고양시,장항동,3771,40.0,3731.0,0.0,2264,1265,242,86.0,2609.0,1.45,,2022-06-03
고양시,정발산동,1963,19.0,1944.0,0.0,1264,578,121,77.0,1456.0,1.35,,2022-06-03
고양시,주교동,1346,13.0,1332.0,1.0,812,489,45,65.0,1015.0,1.33,,2022-06-03
고양시,주엽동,3668,28.0,3639.0,1.0,2282,1197,189,83.0,2942.0,1.25,,2022-06-03
고양시,중산동,3170,19.0,3148.0,3.0,2015,913,242,81.0,2435.0,1.3,,2022-06-03
고양시,지영동,53,0.0,53.0,0.0,34,17,2,21.0,38.0,1.39,,2022-06-03
고양시,지축동,456,10.0,445.0,1.0,255,173,28,41.0,318.0,1.43,,2022-06-03
고양시,탄현동,3664,24.0,3640.0,0.0,2312,1067,285,92.0,2861.0,1.28,,2022-06-03
고양시,토당동,2610,43.0,2567.0,0.0,1988,534,88,86.0,1628.0,1.6,,2022-06-03
고양시,풍동,2755,28.0,2726.0,1.0,1763,795,197,84.0,2133.0,1.29,,2022-06-03
고양시,행신동,5756,52.0,5701.0,3.0,3780,1683,293,93.0,4620.0,1.25,,2022-06-03
고양시,행주내동,81,4.0,77.0,0.0,53,19,9,24.0,60.0,1.35,,2022-06-03
고양시,행주외동,52,0.0,52.0,0.0,29,11,12,16.0,33.0,1.58,,2022-06-03
고양시,향동동,609,4.0,605.0,0.0,315,254,40,47.0,477.0,1.28,,2022-06-03
고양시,현천동,120,5.0,115.0,0.0,54,48,18,38.0,67.0,1.79,,2022-06-03
고양시,화전동,234,3.0,231.0,0.0,128,86,20,36.0,152.0,1.54,,2022-06-03
고양시,화정동,4312,42.0,4267.0,3.0,2778,1351,183,95.0,3476.0,1.24,,2022-06-03
고양시,효자동,30,3.0,27.0,0.0,21,8,1,15.0,20.0,1.5,,2022-06-03
과천시,갈현동,95,3.0,91.0,1.0,57,29,9,27.0,66.0,1.44,,2022-08-25
과천시,과천동,333,35.0,298.0,0.0,180,107,46,44.0,227.0,1.47,1.0,2022-08-25
과천시,관문동,4,0.0,4.0,0.0,1,3,0,4.0,3.0,1.33,,2022-08-25
과천시,막계동,7,1.0,6.0,0.0,4,3,0,6.0,5.0,1.4,,2022-08-25
과천시,문원동,318,13.0,305.0,0.0,177,101,40,43.0,254.0,1.25,,2022-08-25
과천시,별양동,630,19.0,611.0,0.0,367,213,50,47.0,530.0,1.19,3.0,2022-08-25
과천시,부림동,468,29.0,439.0,0.0,240,171,57,42.0,384.0,1.22,2.0,2022-08-25
과천시,원문동,440,21.0,419.0,0.0,265,145,30,43.0,369.0,1.19,1.0,2022-08-25
과천시,주암동,207,10.0,197.0,0.0,87,98,22,35.0,147.0,1.41,,2022-08-25
과천시,중앙동,472,29.0,443.0,0.0,287,138,47,45.0,340.0,1.39,,2022-08-25
광명시,가학동,78,6.0,72.0,0.0,38,28,12,16.0,56.0,1.39,,2022-04-18
광명시,광명동,5833,589.0,5243.0,0.0,3159,1893,781,88.0,4519.0,1.29,2.0,2022-04-18
광명시,노온사동,71,9.0,61.0,0.0,36,18,17,19.0,50.0,1.42,,2022-04-18
광명시,소하동,4257,269.0,3988.0,0.0,2604,1298,355,85.0,3286.0,1.3,6.0,2022-04-18
광명시,옥길동,33,0.0,33.0,0.0,19,12,2,12.0,23.0,1.43,,2022-04-18
광명시,일직동,686,18.0,668.0,0.0,396,229,61,48.0,541.0,1.27,2.0,2022-04-18
광명시,철산동,4604,332.0,4271.0,0.0,2720,1297,587,78.0,3638.0,1.26,4.0,2022-04-18
광명시,하안동,4599,289.0,4309.0,0.0,2674,1539,386,77.0,3585.0,1.28,3.0,2022-04-18
광주시,경안동,1032,103.0,928.0,1.0,630,272,130,63.0,734.0,1.41,3.0,2022-09-21
광주시,곤지암읍,1674,212.0,1462.0,0.0,986,428,260,76.0,1067.0,1.57,4.0,2022-09-21
광주시,남종면,124,36.0,87.0,1.0,46,39,39,31.0,62.0,2.0,,2022-09-21
광주시,남한산성면,189,17.0,172.0,0.0,130,35,24,26.0,95.0,1.99,,2022-09-21
광주시,도척면,751,167.0,582.0,2.0,363,202,186,68.0,427.0,1.76,,2022-09-21
광주시,목동,128,10.0,118.0,0.0,73,41,14,33.0,77.0,1.66,,2022-09-21
광주시,목현동,1110,114.0,996.0,0.0,625,347,138,65.0,791.0,1.4,,2022-09-21
광주시,삼동,537,70.0,466.0,1.0,312,139,86,52.0,390.0,1.38,,2022-09-21
광주시,송정동,1630,146.0,1484.0,0.0,894,526,210,79.0,1193.0,1.37,4.0,2022-09-21
광주시,실촌읍,1,0.0,0.0,1.0,1,0,0,1.0,1.0,1.0,,2022-09-21
광주시,쌍령동,1107,91.0,1013.0,3.0,660,318,129,59.0,823.0,1.35,1.0,2022-09-21
광주시,역동,562,26.0,536.0,0.0,328,178,56,44.0,451.0,1.25,1.0,2022-09-21
광주시,오포읍,9150,632.0,8512.0,6.0,4807,2964,1379,126.0,6299.0,1.45,5.0,2022-09-21
광주시,장지동,810,67.0,741.0,2.0,457,238,115,58.0,594.0,1.36,1.0,2022-09-21
광주시,중대동,321,40.0,280.0,1.0,198,76,47,35.0,228.0,1.41,2.0,2022-09-21
광주시,중부면,47,12.0,35.0,0.0,17,20,10,16.0,18.0,2.61,,2022-09-21
광주시,직동,67,19.0,48.0,0.0,30,16,21,25.0,38.0,1.76,,2022-09-21
광주시,초월읍,4342,361.0,3979.0,2.0,2952,950,440,106.0,2216.0,1.96,1.0,2022-09-21
광주시,탄벌동,1079,114.0,965.0,0.0,622,307,150,64.0,814.0,1.33,1.0,2022-09-21
광주시,태전동,2148,191.0,1957.0,0.0,1184,728,236,81.0,1612.0,1.33,2.0,2022-09-21
광주시,퇴촌면,1347,138.0,1207.0,2.0,713,477,157,67.0,842.0,1.6,2.0,2022-09-21
광주시,회덕동,886,92.0,794.0,0.0,507,272,107,62.0,596.0,1.49,,2022-09-21
구리시,갈매동,1421,46.0,1375.0,0.0,780,551,90,54.0,1084.0,1.31,,2022-05-25
구리시,교문동,2795,116.0,2677.0,2.0,1597,1028,170,78.0,2063.0,1.35,,2022-05-25
구리시,사노동,82,15.0,67.0,0.0,32,36,14,17.0,51.0,1.61,,2022-05-25
구리시,수택동,3622,142.0,3480.0,0.0,2013,1345,264,89.0,2617.0,1.38,,2022-05-25
구리시,아천동,162,5.0,156.0,1.0,77,71,14,33.0,119.0,1.36,,2022-05-25
구리시,인창동,3463,148.0,3314.0,1.0,1802,1365,296,80.0,2687.0,1.27,,2022-05-25
구리시,토평동,836,25.0,811.0,0.0,418,363,55,50.0,658.0,1.33,,2022-05-25
군포시,,15480,2470.0,12997.0,0.0,9161,4449,1897,117.0,12226.0,1.26,13.0,2022-04-21
김포시,감정동,381,10.0,371.0,0.0,212,152,17,37.0,322.0,1.18,2.0,2020-03-11
김포시,걸포동,118,14.0,104.0,0.0,67,37,14,22.0,89.0,1.33,0.0,2020-03-11
김포시,고촌읍,446,25.0,421.0,0.0,254,146,46,43.0,375.0,1.19,2.0,2020-03-11
김포시,구래동,790,34.0,756.0,0.0,376,343,71,51.0,652.0,1.21,4.0,2020-03-11
김포시,대곶면,252,30.0,222.0,0.0,119,97,36,42.0,148.0,1.7,0.0,2020-03-11
김포시,마산동,531,22.0,509.0,0.0,278,210,43,42.0,443.0,1.2,0.0,2020-03-11
김포시,북변동,342,16.0,326.0,0.0,166,153,23,35.0,280.0,1.22,2.0,2020-03-11
김포시,사우동,441,40.0,401.0,0.0,216,174,51,38.0,358.0,1.23,3.0,2020-03-11
김포시,양촌읍,566,48.0,518.0,0.0,246,250,70,50.0,433.0,1.31,3.0,2020-03-11
김포시,운양동,842,52.0,790.0,0.0,443,321,78,53.0,700.0,1.2,2.0,2020-03-11
김포시,월곶면,116,37.0,79.0,0.0,45,29,42,27.0,81.0,1.43,0.0,2020-03-11
김포시,장기동,1311,41.0,1270.0,0.0,666,572,73,52.0,1119.0,1.17,9.0,2020-03-11
김포시,통진읍,593,45.0,548.0,0.0,325,203,65,45.0,434.0,1.37,2.0,2020-03-11
김포시,풍무동,1018,27.0,991.0,0.0,492,439,87,49.0,853.0,1.19,6.0,2020-03-11
김포시,하성면,165,33.0,132.0,0.0,77,54,34,31.0,101.0,1.63,0.0,2020-03-11
남양주시,금곡동,1386,95.0,1291.0,0.0,843,380,163,64.0,1056.0,1.31,1.0,2021-08-31
남양주시,다산1동,4327,141.0,4183.0,3.0,2411,1064,852,138.0,3413.0,1.26,9.0,2021-08-31
남양주시,다산2동,452,3.0,449.0,0.0,198,124,130,78.0,353.0,1.32,4.0,2021-08-31
남양주시,별내동,4171,175.0,3996.0,0.0,2231,1563,377,79.0,3152.0,1.32,7.0,2021-08-31
남양주시,별내면,999,21.0,977.0,1.0,494,295,210,62.0,767.0,1.3,1.0,2021-08-31
남양주시,수동면,860,94.0,762.0,4.0,539,130,191,79.0,434.0,1.98,0.0,2021-08-31
남양주시,양정동,331,13.0,317.0,1.0,179,85,67,88.0,191.0,1.71,1.0,2021-08-31
남양주시,오남읍,4136,230.0,3904.0,2.0,3077,742,317,89.0,3082.0,1.34,2.0,2021-08-31
남양주시,와부읍,4116,313.0,3797.0,6.0,2754,887,475,89.0,3075.0,1.34,5.0,2021-08-31
남양주시,조안면,267,38.0,228.0,1.0,167,49,51,52.0,166.0,1.61,0.0,2021-08-31
남양주시,진건읍,1514,158.0,1353.0,3.0,1042,254,218,70.0,1112.0,1.36,2.0,2021-08-31
남양주시,진접읍,5655,247.0,5401.0,7.0,3591,1460,604,91.0,4148.0,1.36,7.0,2021-08-31
남양주시,퇴계원읍,1497,74.0,1423.0,0.0,1087,310,100,99.0,1130.0,1.39,1.0,2021-08-31
남양주시,평내동,2556,70.0,2485.0,1.0,1747,596,213,72.0,1984.0,1.29,2.0,2021-08-31
남양주시,호평동,3051,122.0,2929.0,0.0,1935,680,436,89.0,2332.0,1.31,4.0,2021-08-31
남양주시,화도읍,7639,472.0,7164.0,3.0,4945,1428,1266,111.0,5147.0,1.48,8.0,2021-08-31
동두천시,걸산동,6,0.0,6.0,0.0,3,3,0,3.0,4.0,1.5,0.0,2022-03-17
동두천시,광암동,127,1.0,126.0,0.0,61,61,5,23.0,70.0,1.81,0.0,2022-03-17
동두천시,동두천동,423,2.0,421.0,0.0,215,189,19,49.0,268.0,1.58,0.0,2022-03-17
동두천시,보산동,260,2.0,258.0,0.0,168,80,12,32.0,156.0,1.67,0.0,2022-03-17
동두천시,상봉암동,186,1.0,185.0,0.0,89,80,17,26.0,110.0,1.69,0.0,2022-03-17
동두천시,상패동,398,4.0,394.0,0.0,170,198,30,45.0,238.0,1.67,0.0,2022-03-17
동두천시,생연동,2860,16.0,2843.0,1.0,1485,1221,154,75.0,1950.0,1.47,0.0,2022-03-17
동두천시,송내동,803,8.0,795.0,0.0,377,370,56,49.0,575.0,1.4,0.0,2022-03-17
동두천시,안흥동,76,0.0,76.0,0.0,29,47,0,18.0,29.0,2.62,0.0,2022-03-17
동두천시,지행동,1716,13.0,1700.0,3.0,808,791,117,64.0,1338.0,1.28,0.0,2022-03-17
동두천시,탑동동,82,1.0,81.0,0.0,42,37,3,24.0,49.0,1.67,0.0,2022-03-17
동두천시,하봉암동,61,2.0,59.0,0.0,34,24,3,22.0,40.0,1.53,0.0,2022-03-17
부천시,계수동,11,0.0,11.0,0.0,4,7,0,6.0,9.0,2.5,,2022-05-26
부천시,고강동,3667,93.0,3574.0,0.0,1980,1291,396,109.0,2712.0,2.66,3.0,2022-05-26
부천시,괴안동,2582,47.0,2535.0,0.0,1248,1136,198,97.0,2007.0,2.56,3.0,2022-05-26
부천시,내동,728,20.0,708.0,0.0,310,302,116,63.0,537.0,2.66,,2022-05-26
부천시,대장동,34,0.0,34.0,0.0,11,14,9,16.0,19.0,3.07,,2022-05-26
부천시,도당동,1592,25.0,1567.0,0.0,683,620,289,89.0,1234.0,2.56,1.0,2022-05-26
부천시,범박동,1099,41.0,1055.0,0.0,482,527,90,86.0,867.0,2.51,1.0,2022-05-26
부천시,삼정동,618,18.0,600.0,0.0,283,282,53,64.0,442.0,2.79,1.0,2022-05-26
부천시,상동,6717,177.0,6539.0,0.0,3670,2628,419,149.0,5293.0,2.51,14.0,2022-05-26
부천시,소사동,590,28.0,561.0,0.0,317,219,54,71.0,444.0,2.62,,2022-05-26
부천시,소사본동,4069,204.0,3862.0,0.0,2201,1521,347,113.0,3028.0,2.7,4.0,2022-05-26
부천시,송내동,3176,52.0,3121.0,0.0,2048,987,141,113.0,2490.0,2.52,5.0,2022-05-26
부천시,심곡동,3643,87.0,3555.0,0.0,1984,1384,275,120.0,2726.0,2.62,4.0,2022-05-26
부천시,심곡본동,2337,58.0,2279.0,0.0,1397,796,144,103.0,1762.0,2.61,2.0,2022-05-26
부천시,약대동,1059,20.0,1038.0,0.0,482,486,91,79.0,822.0,2.57,,2022-05-26
부천시,여월동,1499,33.0,1466.0,0.0,772,552,175,79.0,1142.0,2.59,1.0,2022-05-26
부천시,역곡동,2350,44.0,2304.0,0.0,1297,899,154,106.0,1827.0,2.56,2.0,2022-05-26
부천시,오정동,1806,38.0,1768.0,0.0,802,732,272,95.0,1327.0,2.67,,2022-05-26
부천시,옥길동,1098,33.0,1065.0,0.0,492,480,126,50.0,864.0,2.6,2.0,2022-05-26
부천시,원미동,2160,50.0,2105.0,0.0,1101,902,157,94.0,1607.0,2.65,2.0,2022-05-26
부천시,원종동,4422,85.0,4337.0,0.0,2350,1571,501,122.0,3343.0,2.62,4.0,2022-05-26
부천시,작동,866,23.0,843.0,0.0,456,341,69,88.0,617.0,2.76,,2022-05-26
부천시,중동,9727,200.0,9525.0,0.0,5106,3666,955,159.0,7308.0,2.62,27.0,2022-05-26
부천시,춘의동,1096,15.0,1080.0,0.0,596,393,107,75.0,839.0,2.59,1.0,2022-05-26
부천시,합계,56946,1391.0,55532.0,0.0,30072,21736,5138,2146.0,43266.0,63.12,77.0,2022-05-26
성남시,갈현동,27,5.0,22.0,0.0,17,6,4,14.0,22.0,1.23,,2021-08-25
성남시,고등동,206,21.0,185.0,0.0,117,62,27,35.0,145.0,1.42,,2021-08-25
성남시,구미동,2727,405.0,2319.0,3.0,1506,1029,192,76.0,2169.0,1.26,,2021-08-25
성남시,궁내동,152,30.0,122.0,0.0,91,46,15,34.0,114.0,1.33,,2021-08-25
성남시,금곡동,1750,292.0,1457.0,1.0,983,658,109,63.0,1399.0,1.25,,2021-08-25
성남시,금광동,2249,258.0,1990.0,1.0,1516,553,180,60.0,1742.0,1.29,,2021-08-25
성남시,금토동,111,21.0,90.0,0.0,64,35,12,31.0,69.0,1.61,,2021-08-25
성남시,단대동,821,80.0,741.0,0.0,544,191,86,46.0,630.0,1.3,,2021-08-25
성남시,대장동,60,23.0,37.0,0.0,19,32,9,25.0,35.0,1.71,,2021-08-25
성남시,도촌동,865,83.0,782.0,0.0,532,271,62,47.0,726.0,1.19,,2021-08-25
성남시,동원동,63,6.0,57.0,0.0,34,24,5,20.0,50.0,1.26,,2021-08-25
성남시,둔전동,19,2.0,17.0,0.0,7,4,8,11.0,15.0,1.27,,2021-08-25
성남시,백현동,1196,162.0,1034.0,0.0,778,301,117,60.0,942.0,1.27,,2021-08-25
성남시,복정동,592,45.0,544.0,3.0,391,145,56,48.0,456.0,1.3,,2021-08-25
성남시,분당동,1632,225.0,1407.0,0.0,1022,467,143,66.0,1266.0,1.29,,2021-08-25
성남시,사송동,60,5.0,55.0,0.0,39,17,4,22.0,47.0,1.28,,2021-08-25
성남시,산성동,702,103.0,598.0,1.0,422,202,78,44.0,544.0,1.29,,2021-08-25
성남시,삼평동,962,130.0,832.0,0.0,561,319,82,52.0,814.0,1.18,,2021-08-25
성남시,상대원동,3483,319.0,3164.0,0.0,2493,753,237,82.0,2665.0,1.31,,2021-08-25
성남시,상적동,72,6.0,66.0,0.0,42,16,14,26.0,47.0,1.53,,2021-08-25
성남시,서현동,3007,431.0,2572.0,4.0,1839,867,301,71.0,2451.0,1.23,,2021-08-25
성남시,석운동,43,5.0,38.0,0.0,26,15,2,20.0,28.0,1.54,,2021-08-25
성남시,성남동,2115,223.0,1892.0,0.0,1487,434,194,71.0,1620.0,1.31,,2021-08-25
성남시,성남시 수정구,1,0.0,1.0,0.0,1,0,0,1.0,1.0,1.0,,2021-08-25
성남시,수내동,2571,392.0,2178.0,1.0,1478,886,207,62.0,2111.0,1.22,,2021-08-25
성남시,수진동,2110,166.0,1943.0,1.0,1468,523,119,67.0,1473.0,1.43,,2021-08-25
성남시,시흥동,131,13.0,117.0,1.0,64,54,13,30.0,86.0,1.52,,2021-08-25
성남시,신촌동,52,8.0,44.0,0.0,30,12,10,16.0,37.0,1.41,,2021-08-25
성남시,신흥동,2981,273.0,2706.0,2.0,2067,676,238,64.0,2302.0,1.29,,2021-08-25
성남시,심곡동,144,10.0,134.0,0.0,93,38,13,33.0,111.0,1.3,,2021-08-25
성남시,야탑동,3207,445.0,2761.0,1.0,1983,998,226,74.0,2482.0,1.29,,2021-08-25
성남시,양지동,539,66.0,472.0,1.0,343,162,34,42.0,438.0,1.23,,2021-08-25
성남시,여수동,388,39.0,347.0,2.0,171,178,39,47.0,309.0,1.26,,2021-08-25
성남시,오야동,60,9.0,51.0,0.0,28,21,11,19.0,44.0,1.36,,2021-08-25
성남시,운중동,1259,134.0,1125.0,0.0,782,376,101,68.0,856.0,1.47,,2021-08-25
성남시,율동,59,8.0,51.0,0.0,38,13,8,19.0,44.0,1.34,,2021-08-25
성남시,은행동,2303,266.0,2036.0,1.0,1565,555,183,69.0,1723.0,1.34,,2021-08-25
성남시,이매동,1945,249.0,1695.0,1.0,1185,539,221,65.0,1622.0,1.2,,2021-08-25
성남시,정자동,5509,485.0,5018.0,6.0,3496,1647,366,88.0,4378.0,1.26,,2021-08-25
성남시,중동,620,0.0,620.0,0.0,620,0,0,29.0,447.0,1.39,,2021-08-25
성남시,중앙동,943,106.0,837.0,0.0,607,265,71,39.0,652.0,1.45,,2021-08-25
성남시,창곡동,1618,82.0,1535.0,1.0,885,414,319,55.0,1227.0,1.32,,2021-08-25
성남시,태평동,4010,426.0,3583.0,1.0,2558,1130,322,76.0,2976.0,1.35,,2021-08-25
성남시,판교동,1057,119.0,938.0,0.0,618,345,94,60.0,812.0,1.3,,2021-08-25
성남시,하대원동,1304,161.0,1143.0,0.0,907,258,139,57.0,1007.0,1.29,,2021-08-25
성남시,하산운동,3,0.0,3.0,0.0,3,0,0,3.0,3.0,1.0,,2021-08-25
수원시,고등동,769,34.0,712.0,23.0,580,123,66,52.0,567.0,1.35,0.0,2021-06-18
수원시,고색동,987,98.0,888.0,1.0,694,217,76,53.0,735.0,1.34,2.0,2021-06-18
수원시,곡반정동,1542,114.0,1428.0,0.0,926,466,150,65.0,1090.0,1.41,2.0,2021-06-18
수원시,교동,181,14.0,167.0,0.0,131,34,16,35.0,120.0,1.51,0.0,2021-06-18
수원시,구운동,1449,173.0,1272.0,4.0,903,371,175,66.0,1136.0,1.27,2.0,2021-06-18
수원시,구천동,77,2.0,75.0,0.0,53,8,16,17.0,52.0,1.48,0.0,2021-06-18
수원시,권선동,4910,400.0,4500.0,10.0,2950,1399,561,95.0,3779.0,1.3,8.0,2021-06-18
수원시,금곡동,2179,215.0,1961.0,3.0,1205,664,310,69.0,1689.0,1.29,5.0,2021-06-18
수원시,남수동,95,9.0,86.0,0.0,54,26,15,28.0,64.0,1.48,0.0,2021-06-18
수원시,남창동,100,7.0,93.0,0.0,73,19,8,26.0,72.0,1.39,0.0,2021-06-18
수원시,당수동,420,44.0,376.0,0.0,255,106,59,35.0,333.0,1.26,0.0,2021-06-18
수원시,망포동,2401,146.0,2254.0,1.0,1452,701,248,70.0,1961.0,1.22,5.0,2021-06-18
수원시,매교동,378,40.0,331.0,7.0,275,57,46,41.0,271.0,1.39,1.0,2021-06-18
수원시,매산로1가,157,22.0,134.0,1.0,89,47,21,27.0,95.0,1.65,0.0,2021-06-18
수원시,매산로2가,365,28.0,333.0,4.0,243,87,35,39.0,279.0,1.31,0.0,2021-06-18
수원시,매산로3가,237,13.0,214.0,10.0,166,46,25,38.0,162.0,1.46,2.0,2021-06-18
수원시,매탄동,5062,425.0,4626.0,11.0,3142,1489,431,91.0,3999.0,1.27,7.0,2021-06-18
수원시,매향동,72,8.0,64.0,0.0,48,16,8,20.0,55.0,1.31,0.0,2021-06-18
수원시,북수동,118,13.0,105.0,0.0,83,19,16,30.0,80.0,1.46,0.0,2021-06-18
수원시,상광교동,6,0.0,6.0,0.0,4,2,0,4.0,4.0,1.5,0.0,2021-06-18
수원시,서둔동,1000,123.0,876.0,1.0,621,238,141,57.0,712.0,1.4,1.0,2021-06-18
수원시,세류동,3592,312.0,3270.0,10.0,2326,925,341,89.0,2627.0,1.37,3.0,2021-06-18
수원시,송죽동,1307,99.0,1207.0,1.0,872,307,128,57.0,1016.0,1.29,0.0,2021-06-18
수원시,신동,283,16.0,267.0,0.0,164,81,38,37.0,213.0,1.33,2.0,2021-06-18
수원시,신풍동,123,17.0,104.0,2.0,77,30,16,29.0,86.0,1.43,0.0,2021-06-18
수원시,연무동,1164,84.0,1078.0,2.0,876,193,95,64.0,851.0,1.37,2.0,2021-06-18
수원시,영동,34,7.0,27.0,0.0,17,9,8,13.0,23.0,1.48,0.0,2021-06-18
수원시,영통동,3972,297.0,3669.0,6.0,2282,1305,385,83.0,3290.0,1.21,9.0,2021-06-18
수원시,영화동,1450,155.0,1294.0,1.0,1029,246,175,69.0,1038.0,1.4,8.0,2021-06-18
수원시,오목천동,1100,80.0,1020.0,0.0,727,240,133,56.0,829.0,1.33,0.0,2021-06-18
수원시,우만동,2157,227.0,1930.0,0.0,1334,604,219,72.0,1648.0,1.31,1.0,2021-06-18
수원시,원천동,1549,94.0,1455.0,0.0,858,493,198,61.0,1188.0,1.3,4.0,2021-06-18
수원시,율전동,1261,130.0,1130.0,1.0,793,299,169,60.0,1020.0,1.24,3.0,2021-06-18
수원시,이목동,334,17.0,317.0,0.0,211,99,24,47.0,231.0,1.45,0.0,2021-06-18
수원시,이의동,2349,126.0,2222.0,1.0,1275,866,208,77.0,1848.0,1.27,13.0,2021-06-18
수원시,인계동,3102,167.0,2925.0,10.0,2153,687,262,75.0,2303.0,1.35,8.0,2021-06-18
수원시,입북동,314,26.0,287.0,1.0,153,116,45,34.0,253.0,1.24,0.0,2021-06-18
수원시,장안동,77,9.0,68.0,0.0,50,17,10,21.0,58.0,1.33,0.0,2021-06-18
수원시,장지동,16,3.0,13.0,0.0,11,5,0,5.0,12.0,1.33,0.0,2021-06-18
수원시,정자동,4448,311.0,4129.0,8.0,3073,1003,372,85.0,3519.0,1.26,7.0,2021-06-18
수원시,조원동,2951,254.0,2693.0,4.0,1992,657,302,70.0,2307.0,1.28,7.0,2021-06-18
수원시,중동,30,2.0,28.0,0.0,26,4,0,8.0,19.0,1.58,3.0,2021-06-18
수원시,지동,1019,76.0,938.0,5.0,736,204,79,63.0,722.0,1.41,2.0,2021-06-18
수원시,천천동,1319,91.0,1224.0,4.0,914,300,105,50.0,1098.0,1.2,5.0,2021-06-18
수원시,탑동,1420,161.0,1255.0,4.0,929,317,174,67.0,1056.0,1.34,1.0,2021-06-18
수원시,파장동,1154,93.0,1060.0,1.0,777,260,117,53.0,914.0,1.26,0.0,2021-06-18
수원시,팔달로1가,23,1.0,20.0,2.0,18,1,4,11.0,15.0,1.53,0.0,2021-06-18
수원시,팔달로2가,45,1.0,44.0,0.0,29,15,1,19.0,30.0,1.5,0.0,2021-06-18
수원시,팔달로3가,38,6.0,32.0,0.0,19,12,7,14.0,26.0,1.46,0.0,2021-06-18
수원시,평동,132,14.0,118.0,0.0,86,32,14,26.0,105.0,1.26,0.0,2021-06-18
수원시,평리동,3,0.0,3.0,0.0,3,0,0,2.0,3.0,1.0,0.0,2021-06-18
수원시,하광교동,24,0.0,24.0,0.0,13,10,1,14.0,16.0,1.5,0.0,2021-06-18
수원시,하동,1452,92.0,1359.0,1.0,742,562,148,59.0,1064.0,1.36,2.0,2021-06-18
수원시,호매실동,1831,158.0,1672.0,1.0,1062,538,231,63.0,1415.0,1.29,3.0,2021-06-18
수원시,화서동,2752,221.0,2508.0,23.0,1774,671,307,67.0,2158.0,1.27,4.0,2021-06-18
시흥시,거모동,1673,131.0,1541.0,1.0,1115,408,150,62.0,1239.0,1.35,,2021-06-25
시흥시,계수동,103,5.0,98.0,0.0,71,15,17,26.0,64.0,1.61,,2021-06-25
시흥시,과림동,104,19.0,85.0,0.0,34,41,29,23.0,52.0,2.0,,2021-06-25
시흥시,광석동,22,3.0,19.0,0.0,14,5,3,12.0,14.0,1.57,,2021-06-25
시흥시,군자동,85,23.0,62.0,0.0,48,14,23,27.0,50.0,1.7,,2021-06-25
시흥시,금이동,38,7.0,31.0,0.0,22,10,6,16.0,18.0,2.11,,2021-06-25
시흥시,논곡동,255,14.0,241.0,0.0,154,86,15,35.0,198.0,1.29,,2021-06-25
시흥시,능곡동,1130,132.0,998.0,0.0,737,243,150,53.0,868.0,1.3,,2021-06-25
시흥시,대야동,2336,99.0,2237.0,0.0,1723,427,186,70.0,1733.0,1.35,,2021-06-25
시흥시,도창동,208,14.0,194.0,0.0,145,43,20,30.0,153.0,1.36,,2021-06-25
시흥시,매화동,631,53.0,578.0,0.0,385,171,75,51.0,440.0,1.43,,2021-06-25
시흥시,목감동,213,8.0,205.0,0.0,125,71,17,32.0,166.0,1.28,,2021-06-25
시흥시,무지내동,49,24.0,25.0,0.0,14,9,26,12.0,21.0,2.33,,2021-06-25
시흥시,물왕동,16,1.0,15.0,0.0,13,2,1,9.0,13.0,1.23,,2021-06-25
시흥시,미산동,350,16.0,334.0,0.0,243,83,24,37.0,240.0,1.46,,2021-06-25
시흥시,방산동,64,7.0,57.0,0.0,46,11,7,19.0,38.0,1.68,,2021-06-25
시흥시,산현동,340,19.0,319.0,2.0,187,101,52,39.0,256.0,1.33,,2021-06-25
시흥시,신천동,2970,126.0,2842.0,2.0,2138,571,261,72.0,2254.0,1.32,,2021-06-25
시흥시,안현동,65,19.0,46.0,0.0,30,8,27,13.0,29.0,2.24,,2021-06-25
시흥시,월곶동,1068,115.0,953.0,0.0,674,209,185,57.0,784.0,1.36,,2021-06-25
시흥시,은행동,2641,114.0,2527.0,0.0,1708,593,340,68.0,2084.0,1.27,,2021-06-25
시흥시,장곡동,968,105.0,863.0,0.0,569,264,135,48.0,774.0,1.25,,2021-06-25
시흥시,장현동,430,47.0,383.0,0.0,249,114,67,36.0,320.0,1.34,,2021-06-25
시흥시,정왕동,11923,714.0,11204.0,5.0,8369,2543,1011,107.0,9036.0,1.32,,2021-06-25
시흥시,조남동,1127,77.0,1050.0,0.0,646,327,154,59.0,870.0,1.3,,2021-06-25
시흥시,죽율동,292,37.0,255.0,0.0,179,75,38,31.0,204.0,1.43,,2021-06-25
시흥시,포동,388,32.0,356.0,0.0,242,94,52,37.0,291.0,1.33,,2021-06-25
시흥시,하상동,499,65.0,434.0,0.0,333,105,61,36.0,390.0,1.28,,2021-06-25
시흥시,하중동,539,70.0,467.0,2.0,339,124,76,45.0,389.0,1.39,,2021-06-25
시흥시,화정동,12,1.0,11.0,0.0,11,1,0,8.0,6.0,2.0,,2021-06-25
안산시,건건동,736,160.0,574.0,2.0,393,206,137,47.0,550.0,1.34,,2021-08-26
안산시,고잔동,5802,1033.0,4768.0,1.0,3177,1635,990,92.0,4540.0,1.28,,2021-08-26
안산시,대부남동,153,65.0,88.0,0.0,55,37,61,33.0,88.0,1.74,,2021-08-26
안산시,대부동동,151,36.0,115.0,0.0,69,44,38,29.0,86.0,1.76,,2021-08-26
안산시,대부북동,202,41.0,161.0,0.0,105,52,45,31.0,121.0,1.67,,2021-08-26
안산시,목내동,7,2.0,5.0,0.0,3,2,2,5.0,5.0,1.4,,2021-08-26
안산시,본오동,5699,1096.0,4596.0,7.0,2862,1626,1211,96.0,4172.0,1.37,,2021-08-26
안산시,부곡동,2385,594.0,1789.0,2.0,1208,677,500,78.0,1704.0,1.4,,2021-08-26
안산시,사동,5766,1321.0,4445.0,0.0,2793,1672,1301,102.0,4376.0,1.32,,2021-08-26
안산시,사사동,145,46.0,99.0,0.0,66,40,39,23.0,100.0,1.45,,2021-08-26
안산시,선감동,33,6.0,27.0,0.0,11,10,12,14.0,18.0,1.83,,2021-08-26
안산시,선부동,4180,720.0,3460.0,0.0,2422,1145,613,81.0,3196.0,1.31,,2021-08-26
안산시,성곡동,36,0.0,36.0,0.0,27,8,1,15.0,19.0,1.89,,2021-08-26
안산시,성포동,1527,314.0,1210.0,3.0,869,414,244,63.0,1211.0,1.26,,2021-08-26
안산시,수암동,382,74.0,308.0,0.0,203,104,75,41.0,287.0,1.33,,2021-08-26
안산시,신길동,1313,243.0,1069.0,1.0,759,358,196,66.0,992.0,1.32,,2021-08-26
안산시,양상동,40,7.0,33.0,0.0,20,13,7,17.0,25.0,1.6,,2021-08-26
안산시,와동,3331,544.0,2787.0,0.0,2012,771,548,82.0,2384.0,1.4,,2021-08-26
안산시,원곡동,1816,233.0,1583.0,0.0,1259,351,206,72.0,1458.0,1.24,,2021-08-26
안산시,원시동,27,8.0,19.0,0.0,11,6,10,13.0,17.0,1.59,,2021-08-26
안산시,월피동,2293,496.0,1797.0,0.0,1213,656,424,66.0,1730.0,1.33,,2021-08-26
안산시,이동,1545,333.0,1212.0,0.0,830,418,297,65.0,1138.0,1.36,,2021-08-26
안산시,일동,2182,464.0,1718.0,0.0,1089,673,420,76.0,1602.0,1.36,,2021-08-26
안산시,장상동,232,57.0,175.0,0.0,113,69,50,34.0,151.0,1.52,,2021-08-26
안산시,장하동,21,6.0,15.0,0.0,9,8,4,9.0,10.0,2.1,,2021-08-26
안산시,초지동,2644,440.0,2200.0,4.0,1466,605,573,66.0,2054.0,1.29,,2021-08-26
안산시,팔곡이동,260,60.0,200.0,0.0,132,67,61,36.0,172.0,1.51,,2021-08-26
안산시,팔곡일동,144,46.0,98.0,0.0,70,30,44,30.0,90.0,1.6,,2021-08-26
안산시,풍도동,2,2.0,0.0,0.0,0,0,2,1.0,1.0,2.0,,2021-08-26
안산시,합계,43079,8450.0,34609.0,20.0,23260,11704,8115,154.0,32317.0,1.33,,2021-08-26
안산시,화정동,25,3.0,22.0,0.0,14,7,4,14.0,20.0,1.25,,2021-08-26
안성시,가사동,67,9.0,58.0,0.0,43,14,10,18.0,54.0,1.24,,2021-09-06
안성시,가현동,57,8.0,49.0,0.0,35,10,12,15.0,23.0,2.48,,2021-09-06
안성시,계동,22,2.0,20.0,0.0,10,6,6,10.0,16.0,1.38,,2021-09-06
안성시,고삼면,170,47.0,123.0,0.0,56,55,59,26.0,87.0,1.95,,2021-09-06
안성시,공도읍,2737,214.0,2522.0,1.0,1297,1015,425,84.0,2030.0,1.35,3.0,2021-09-06
안성시,구포동,27,7.0,20.0,0.0,11,8,8,11.0,22.0,1.23,,2021-09-06
안성시,금광면,425,57.0,368.0,0.0,206,113,106,49.0,279.0,1.52,,2021-09-06
안성시,금산동,207,12.0,195.0,0.0,106,59,42,31.0,168.0,1.23,,2021-09-06
안성시,금석동,72,4.0,68.0,0.0,44,15,13,20.0,55.0,1.31,,2021-09-06
안성시,낙원동,67,1.0,66.0,0.0,27,30,10,17.0,56.0,1.2,,2021-09-06
안성시,당왕동,506,44.0,462.0,0.0,251,163,92,36.0,400.0,1.27,,2021-09-06
안성시,대덕면,817,88.0,724.0,5.0,391,263,163,66.0,577.0,1.42,1.0,2021-09-06
안성시,대천동,28,1.0,27.0,0.0,17,7,4,13.0,21.0,1.33,,2021-09-06
안성시,도기동,107,7.0,100.0,0.0,48,15,44,26.0,65.0,1.65,,2021-09-06
안성시,동본동,17,1.0,16.0,0.0,7,8,2,9.0,15.0,1.13,,2021-09-06
안성시,명륜동,49,3.0,46.0,0.0,21,14,14,14.0,34.0,1.44,,2021-09-06
안성시,미양면,390,48.0,340.0,2.0,225,72,93,42.0,200.0,1.95,,2021-09-06
안성시,발화동,6,0.0,6.0,0.0,3,1,2,6.0,4.0,1.5,,2021-09-06
안성시,보개면,410,44.0,364.0,2.0,227,116,67,51.0,220.0,1.86,,2021-09-06
안성시,봉남동,38,2.0,36.0,0.0,15,17,6,12.0,28.0,1.36,1.0,2021-09-06
안성시,봉산동,140,6.0,134.0,0.0,83,43,14,30.0,102.0,1.37,,2021-09-06
안성시,사곡동,14,5.0,9.0,0.0,3,4,7,6.0,8.0,1.75,,2021-09-06
안성시,삼죽면,221,35.0,181.0,5.0,123,42,56,39.0,120.0,1.84,,2021-09-06
안성시,서운면,342,158.0,184.0,0.0,81,70,191,39.0,209.0,1.64,,2021-09-06
안성시,서인동,28,5.0,23.0,0.0,8,6,14,10.0,15.0,1.87,,2021-09-06
안성시,석정동,252,14.0,238.0,0.0,112,86,54,33.0,206.0,1.22,1.0,2021-09-06
안성시,성남동,33,1.0,32.0,0.0,14,7,12,16.0,25.0,1.32,,2021-09-06
안성시,숭인동,115,8.0,107.0,0.0,51,50,14,24.0,90.0,1.28,,2021-09-06
안성시,신건지동,62,2.0,60.0,0.0,35,15,12,15.0,51.0,1.22,,2021-09-06
안성시,신모산동,3,0.0,3.0,0.0,0,3,0,3.0,2.0,1.5,,2021-09-06
안성시,신소현동,138,2.0,136.0,0.0,64,58,16,27.0,110.0,1.25,,2021-09-06
안성시,신흥동,33,1.0,32.0,0.0,15,7,11,11.0,20.0,1.65,,2021-09-06
안성시,아양동,275,32.0,243.0,0.0,141,74,60,35.0,212.0,1.3,,2021-09-06
안성시,양성면,325,72.0,252.0,1.0,138,89,98,53.0,175.0,1.86,,2021-09-06
안성시,연지동,25,0.0,25.0,0.0,18,5,2,14.0,19.0,1.32,,2021-09-06
안성시,영동,27,1.0,26.0,0.0,15,10,2,12.0,23.0,1.17,1.0,2021-09-06
안성시,옥산동,165,20.0,145.0,0.0,67,56,42,29.0,133.0,1.24,1.0,2021-09-06
안성시,옥천동,29,0.0,29.0,0.0,11,10,8,12.0,22.0,1.32,,2021-09-06
안성시,원곡면,415,81.0,332.0,2.0,192,111,112,53.0,236.0,1.76,,2021-09-06
안성시,인지동,59,2.0,57.0,0.0,28,13,18,20.0,41.0,1.44,1.0,2021-09-06
안성시,일죽면,430,27.0,403.0,0.0,275,98,57,51.0,261.0,1.65,1.0,2021-09-06
안성시,죽산면,410,27.0,383.0,0.0,229,102,79,51.0,209.0,1.96,,2021-09-06
안성시,중리동,156,15.0,141.0,0.0,64,52,40,27.0,114.0,1.37,,2021-09-06
안성시,창전동,26,0.0,26.0,0.0,14,8,4,11.0,23.0,1.13,,2021-09-06
안성시,합계,9975,1118.0,8839.0,18.0,4836,3030,2109,127.0,6805.0,1.47,10.0,2021-09-06
안성시,현수동,33,5.0,28.0,0.0,15,10,8,11.0,25.0,1.32,,2021-09-06
안양시,관양동,4781,421.0,4359.0,1.0,3062,1218,501,84.0,3763.0,1.27,12.0,2021-08-20
안양시,박달동,2434,218.0,2216.0,0.0,1467,759,208,60.0,1895.0,1.28,1.0,2021-08-20
안양시,비산동,5189,470.0,4711.0,8.0,3377,1379,433,77.0,4189.0,1.24,9.0,2021-08-20
안양시,석수동,3884,302.0,3581.0,1.0,2322,1246,316,75.0,3008.0,1.29,2.0,2021-08-20
안양시,안양동,10261,738.0,9520.0,3.0,7009,2485,767,92.0,7740.0,1.33,9.0,2021-08-20
안양시,평촌동,3219,269.0,2948.0,2.0,2143,670,406,61.0,2739.0,1.17,8.0,2021-08-20
안양시,호계동,5876,552.0,5319.0,5.0,3875,1470,531,77.0,4757.0,1.23,6.0,2021-08-20
양주시,고암동,974,9.0,965.0,0.0,478,419,77,47.0,733.0,1.33,1.0,2021-07-22
양주시,고읍동,609,6.0,603.0,0.0,331,244,34,48.0,449.0,1.36,0.0,2021-07-22
양주시,광사동,704,20.0,684.0,0.0,347,289,68,50.0,540.0,1.3,2.0,2021-07-22
양주시,광적면,517,14.0,503.0,0.0,322,146,49,55.0,340.0,1.52,2.0,2021-07-22
양주시,남면,266,9.0,257.0,0.0,135,89,42,39.0,188.0,1.41,1.0,2021-07-22
양주시,남방동,61,0.0,61.0,0.0,24,24,13,19.0,35.0,1.74,0.0,2021-07-22
양주시,덕계동,1296,23.0,1273.0,0.0,640,430,226,58.0,957.0,1.35,0.0,2021-07-22
양주시,덕정동,1002,7.0,995.0,0.0,481,434,87,54.0,748.0,1.34,1.0,2021-07-22
양주시,마전동,26,1.0,25.0,0.0,11,15,0,13.0,15.0,1.73,0.0,2021-07-22
양주시,만송동,620,4.0,615.0,1.0,276,302,42,44.0,471.0,1.32,1.0,2021-07-22
양주시,백석읍,1444,14.0,1429.0,1.0,905,429,110,64.0,959.0,1.51,1.0,2021-07-22
양주시,봉양동,55,0.0,55.0,0.0,21,16,18,21.0,38.0,1.45,0.0,2021-07-22
양주시,산북동,141,0.0,141.0,0.0,60,59,22,27.0,98.0,1.44,0.0,2021-07-22
양주시,삼숭동,1048,13.0,1034.0,1.0,479,464,105,58.0,821.0,1.28,0.0,2021-07-22
양주시,어둔동,17,0.0,17.0,0.0,5,2,10,5.0,6.0,2.83,0.0,2021-07-22
양주시,옥정동,1819,12.0,1806.0,1.0,898,679,242,63.0,1394.0,1.3,2.0,2021-07-22
양주시,유양동,70,0.0,70.0,0.0,48,20,2,16.0,33.0,2.12,0.0,2021-07-22
양주시,율정동,34,1.0,33.0,0.0,21,11,2,19.0,25.0,1.36,0.0,2021-07-22
양주시,은현면,244,8.0,236.0,0.0,136,76,32,34.0,157.0,1.55,0.0,2021-07-22
양주시,장흥면,506,11.0,495.0,0.0,311,155,40,51.0,295.0,1.72,0.0,2021-07-22
양주시,회암동,44,3.0,41.0,0.0,27,15,2,18.0,23.0,1.91,0.0,2021-07-22
양주시,회정동,351,0.0,350.0,1.0,159,101,91,37.0,256.0,1.37,1.0,2021-07-22
양평군,강상면,1233,499.0,733.0,1.0,538,317,378,71.0,772.0,1.6,0.0,2022-09-07
양평군,강하면,1372,183.0,1189.0,0.0,1053,173,146,69.0,360.0,3.81,0.0,2022-09-07
양평군,개군면,506,139.0,367.0,0.0,245,167,94,49.0,303.0,1.67,0.0,2022-09-07
양평군,단월면,419,126.0,293.0,0.0,205,88,126,45.0,228.0,1.84,0.0,2022-09-07
양평군,서종면,1249,226.0,1020.0,3.0,689,366,194,86.0,692.0,1.8,1.0,2022-09-07
양평군,양동면,469,193.0,275.0,1.0,188,103,178,46.0,220.0,2.13,0.0,2022-09-07
양평군,양서면,1237,225.0,1012.0,0.0,702,392,143,76.0,748.0,1.65,1.0,2022-09-07
양평군,양평읍,2729,890.0,1838.0,1.0,1400,775,554,89.0,1678.0,1.63,7.0,2022-09-07
양평군,옥천면,935,290.0,643.0,2.0,470,297,168,68.0,573.0,1.63,0.0,2022-09-07
양평군,용문면,1857,477.0,1379.0,1.0,878,500,479,92.0,1101.0,1.69,2.0,2022-09-07
양평군,지평면,850,223.0,627.0,0.0,450,183,217,55.0,395.0,2.15,0.0,2022-09-07
양평군,청운면,435,192.0,243.0,0.0,154,115,166,42.0,238.0,1.83,0.0,2022-09-07
여주시,가남읍,636,124.0,512.0,0.0,307,192,137,55.0,421.0,1.51,0.0,2021-08-31
여주시,가업동,22,14.0,8.0,0.0,7,2,13,9.0,9.0,2.44,0.0,2021-08-31
여주시,강천면,270,107.0,163.0,0.0,70,92,108,37.0,157.0,1.72,0.0,2021-08-31
여주시,교동,175,34.0,141.0,0.0,84,53,38,30.0,139.0,1.26,1.0,2021-08-31
여주시,금사면,168,66.0,102.0,2.0,55,39,74,36.0,96.0,1.75,0.0,2021-08-31
여주시,능서면,424,193.0,231.0,0.0,86,141,197,44.0,242.0,1.75,1.0,2021-08-31
여주시,능현동,60,10.0,50.0,0.0,31,17,12,24.0,34.0,1.76,0.0,2021-08-31
여주시,단현동,26,6.0,20.0,0.0,8,8,10,13.0,16.0,1.63,0.0,2021-08-31
여주시,대신면,239,93.0,144.0,2.0,72,67,100,33.0,160.0,1.49,0.0,2021-08-31
여주시,매룡동,21,10.0,11.0,0.0,4,7,10,9.0,12.0,1.75,0.0,2021-08-31
여주시,멱곡동,72,20.0,52.0,0.0,29,22,21,19.0,48.0,1.5,0.0,2021-08-31
여주시,북내면,230,58.0,172.0,1.0,73,102,55,40.0,138.0,1.67,0.0,2021-08-31
여주시,산북면,170,92.0,78.0,0.0,54,29,87,40.0,98.0,1.73,0.0,2021-08-31
여주시,삼교동,38,14.0,24.0,0.0,16,8,14,14.0,23.0,1.65,0.0,2021-08-31
여주시,상거동,10,7.0,3.0,0.0,2,1,7,6.0,5.0,2.0,0.0,2021-08-31
여주시,상동,147,29.0,118.0,0.0,74,42,31,30.0,99.0,1.48,0.0,2021-08-31
여주시,신진동,11,6.0,5.0,0.0,4,1,6,8.0,9.0,1.22,0.0,2021-08-31
여주시,연라동,53,26.0,27.0,0.0,7,23,23,21.0,24.0,2.21,0.0,2021-08-31
여주시,연양동,94,18.0,76.0,0.0,35,42,17,26.0,66.0,1.42,0.0,2021-08-31
여주시,오금동,10,1.0,9.0,0.0,5,3,2,7.0,7.0,1.43,0.0,2021-08-31
여주시,오학동,278,70.0,208.0,0.0,116,83,79,31.0,187.0,1.49,0.0,2021-08-31
여주시,우만동,9,1.0,8.0,0.0,5,3,1,7.0,9.0,1.0,0.0,2021-08-31
여주시,월송동,171,22.0,149.0,0.0,81,61,29,24.0,118.0,1.45,0.0,2021-08-31
여주시,점동면,268,150.0,118.0,0.0,53,102,113,35.0,119.0,2.25,1.0,2021-08-31
여주시,점봉동,270,38.0,232.0,0.0,140,81,49,39.0,205.0,1.32,0.0,2021-08-31
여주시,창동,127,29.0,98.0,0.0,56,42,29,26.0,87.0,1.46,0.0,2021-08-31
여주시,천송동,181,46.0,135.0,0.0,65,64,52,30.0,126.0,1.44,0.0,2021-08-31
여주시,하거동,17,2.0,15.0,0.0,9,6,2,9.0,10.0,1.7,0.0,2021-08-31
여주시,하동,224,57.0,167.0,0.0,90,64,70,28.0,160.0,1.4,0.0,2021-08-31
여주시,현암동,309,79.0,230.0,0.0,137,85,87,44.0,218.0,1.42,0.0,2021-08-31
여주시,홍문동,301,52.0,249.0,0.0,135,117,49,38.0,201.0,1.5,2.0,2021-08-31
여주시,흥천면,221,52.0,169.0,0.0,69,100,52,31.0,122.0,1.81,0.0,2021-08-31
연천군,군남면,80,11.0,131.0,0.0,83,52,7,31.0,86.0,1.65,0.0,2022-06-05
연천군,미산면,139,22.0,117.0,0.0,84,47,8,25.0,62.0,2.24,0.0,2022-06-05
연천군,백학면,89,6.0,83.0,0.0,49,32,8,26.0,59.0,1.51,0.0,2022-06-05
연천군,신서면,106,12.0,94.0,0.0,70,30,6,24.0,72.0,1.47,0.0,2022-06-05
연천군,연천읍,288,11.0,277.0,0.0,150,125,13,42.0,192.0,1.5,0.0,2022-06-05
연천군,왕징면,33,2.0,31.0,0.0,30,3,0,10.0,20.0,1.65,0.0,2022-06-05
연천군,장남면,33,5.0,28.0,0.0,20,13,0,12.0,22.0,1.5,0.0,2022-06-05
연천군,전곡읍,976,63.0,913.0,0.0,483,452,41,72.0,709.0,1.38,0.0,2022-06-05
연천군,중면,13,0.0,13.0,0.0,6,6,1,8.0,8.0,1.63,0.0,2022-06-05
연천군,청산면,263,21.0,242.0,0.0,107,139,17,36.0,154.0,1.71,0.0,2022-06-05
오산시,가수동,333,16.0,317.0,0.0,202,113,18,39.0,233.0,1.43,,2022-03-14
오산시,가장동,19,2.0,17.0,0.0,9,7,3,12.0,14.0,1.36,,2022-03-14
오산시,갈곶동,720,20.0,700.0,0.0,448,234,38,47.0,561.0,1.28,1.0,2022-03-14
오산시,고현동,236,9.0,227.0,0.0,137,87,12,34.0,176.0,1.34,,2022-03-14
오산시,궐동,1853,52.0,1801.0,0.0,1011,765,77,67.0,1382.0,1.34,2.0,2022-03-14
오산시,금암동,1450,51.0,1398.0,1.0,927,471,52,56.0,1103.0,1.31,2.0,2022-03-14
오산시,내삼미동,624,25.0,599.0,0.0,351,238,35,47.0,468.0,1.33,,2022-03-14
오산시,누읍동,451,10.0,441.0,0.0,244,186,21,37.0,343.0,1.31,,2022-03-14
오산시,두곡동,9,1.0,8.0,0.0,3,4,2,7.0,9.0,1.0,,2022-03-14
오산시,벌음동,17,0.0,17.0,0.0,13,4,0,10.0,14.0,1.21,,2022-03-14
오산시,부산동,883,36.0,847.0,0.0,506,322,55,58.0,702.0,1.26,,2022-03-14
오산시,서동,251,6.0,245.0,0.0,152,92,7,35.0,201.0,1.25,,2022-03-14
오산시,서랑동,24,0.0,24.0,0.0,10,14,0,14.0,17.0,1.41,,2022-03-14
오산시,세교동,477,27.0,450.0,0.0,300,144,33,41.0,340.0,1.4,,2022-03-14
오산시,수청동,894,32.0,862.0,0.0,486,350,58,46.0,682.0,1.31,2.0,2022-03-14
오산시,양산동,571,12.0,558.0,1.0,319,211,41,48.0,443.0,1.29,,2022-03-14
오산시,오산동,1435,52.0,1383.0,0.0,910,473,52,62.0,1087.0,1.32,3.0,2022-03-14
오산시,외삼미동,317,9.0,308.0,0.0,176,122,19,46.0,226.0,1.4,,2022-03-14
오산시,원동,2606,95.0,2507.0,4.0,1616,861,129,71.0,2036.0,1.28,5.0,2022-03-14
오산시,은계동,337,5.0,332.0,0.0,204,118,15,39.0,249.0,1.35,,2022-03-14
오산시,지곶동,290,10.0,280.0,0.0,154,114,22,38.0,215.0,1.35,,2022-03-14
오산시,청학동,177,3.0,174.0,0.0,109,56,12,36.0,129.0,1.37,,2022-03-14
오산시,청호동,471,17.0,454.0,0.0,249,190,32,45.0,357.0,1.32,,2022-03-14
오산시,탑동,26,1.0,25.0,0.0,18,7,1,12.0,17.0,1.53,,2022-03-14
용인시,고기동,326,44.0,280.0,2.0,172,107,47,55.0,211.0,1.55,0.0,2021-01-01
용인시,고매동,282,51.0,230.0,1.0,132,103,47,35.0,205.0,1.38,0.0,2021-01-01
용인시,공세동,958,146.0,812.0,0.0,457,349,152,64.0,699.0,1.37,1.0,2021-01-01
용인시,구갈동,1581,321.0,1258.0,2.0,735,553,293,62.0,1259.0,1.25,6.0,2021-01-01
용인시,남사면,808,64.0,744.0,0.0,437,287,84,61.0,516.0,1.57,1.0,2021-01-01
용인시,농서동,161,10.0,151.0,0.0,83,65,13,30.0,123.0,1.31,0.0,2021-01-01
용인시,동백동,1390,321.0,1068.0,1.0,624,420,346,66.0,1103.0,1.26,1.0,2021-01-01
용인시,동부동,697,74.0,623.0,0.0,327,292,78,95.0,517.0,1.35,3.0,2021-01-01
용인시,동천동,1628,258.0,1368.0,2.0,742,586,300,79.0,1307.0,1.25,4.0,2021-01-01
용인시,마북동,1452,230.0,1221.0,1.0,764,470,218,59.0,1154.0,1.26,3.0,2021-01-01
용인시,모현읍,1244,111.0,1125.0,8.0,660,414,170,115.0,849.0,1.47,1.0,2021-01-01
용인시,백암면,503,29.0,474.0,0.0,370,111,22,48.0,279.0,1.8,1.0,2021-01-01
용인시,보라동,1286,262.0,1023.0,1.0,529,514,243,60.0,1024.0,1.25,3.0,2021-01-01
용인시,보정동,1759,207.0,1552.0,0.0,939,556,264,76.0,1392.0,1.26,5.0,2021-01-01
용인시,상갈동,465,93.0,372.0,0.0,213,172,80,41.0,371.0,1.23,1.0,2021-01-01
용인시,상하동,1285,282.0,1003.0,0.0,594,388,303,66.0,982.0,1.31,0.0,2021-01-01
용인시,상현동,4031,697.0,3332.0,2.0,2054,1211,766,82.0,3259.0,1.24,9.0,2021-01-01
용인시,서천동,727,91.0,636.0,0.0,383,232,112,53.0,565.0,1.29,2.0,2021-01-01
용인시,성복동,2826,381.0,2444.0,1.0,1675,761,390,76.0,2026.0,1.39,8.0,2021-01-01
용인시,신갈동,1583,312.0,1269.0,2.0,731,503,349,67.0,1268.0,1.25,4.0,2021-01-01
용인시,신봉동,2053,301.0,1749.0,3.0,1177,581,295,71.0,1592.0,1.29,5.0,2021-01-01
용인시,양지면,1542,329.0,1208.0,5.0,932,418,192,70.0,848.0,1.82,1.0,2021-01-01
용인시,언남동,825,118.0,706.0,1.0,438,280,107,58.0,672.0,1.23,2.0,2021-01-01
용인시,역삼동,1725,153.0,1572.0,0.0,880,665,180,110.0,1332.0,1.3,3.0,2021-01-01
용인시,영덕동,1800,265.0,1533.0,2.0,736,788,276,72.0,1402.0,1.28,3.0,2021-01-01
용인시,원삼면,673,54.0,618.0,1.0,425,197,51,65.0,398.0,1.69,1.0,2021-01-01
용인시,유림동,1858,147.0,1710.0,1.0,870,806,182,104.0,1397.0,1.33,0.0,2021-01-01
용인시,이동읍,1112,153.0,959.0,0.0,632,321,159,112.0,802.0,1.39,0.0,2021-01-01
용인시,죽전동,3533,438.0,3094.0,1.0,1960,1111,462,79.0,2893.0,1.22,8.0,2021-01-01
용인시,중동,1995,275.0,1716.0,4.0,1082,545,368,74.0,1584.0,1.26,6.0,2021-01-01
용인시,중앙동,1330,115.0,1210.0,5.0,714,505,111,102.0,1002.0,1.33,3.0,2021-01-01
용인시,지곡동,254,42.0,212.0,0.0,102,114,38,40.0,158.0,1.6,0.0,2021-01-01
용인시,청덕동,721,120.0,601.0,0.0,326,234,161,56.0,571.0,1.26,1.0,2021-01-01
용인시,포곡읍,1751,89.0,1660.0,2.0,885,741,125,73.0,1291.0,1.36,3.0,2021-01-01
용인시,풍덕천동,3826,577.0,3247.0,2.0,1976,1098,752,80.0,3131.0,1.22,6.0,2021-01-01
용인시,하갈동,237,48.0,189.0,0.0,98,89,50,40.0,166.0,1.43,0.0,2021-01-01
의왕시,고천동,171,41.0,130.0,,84,48,39,30.0,141.0,1.21,2.0,2021-06-18
의왕시,내손동,1910,289.0,1621.0,,987,533,390,69.0,1473.0,1.3,2.0,2021-06-18
의왕시,삼동,927,96.0,831.0,,584,243,101,54.0,704.0,1.32,0.0,2021-06-18
의왕시,오전동,1505,305.0,1200.0,,756,401,348,56.0,1202.0,1.25,2.0,2021-06-18
의왕시,왕곡동,367,69.0,298.0,,202,87,78,35.0,250.0,1.47,0.0,2021-06-18
의왕시,월암동,43,4.0,39.0,,16,17,10,19.0,21.0,2.05,0.0,2021-06-18
의왕시,이동,61,8.0,53.0,,35,15,11,14.0,44.0,1.39,0.0,2021-06-18
의왕시,청계동,392,45.0,347.0,,188,142,62,44.0,303.0,1.29,3.0,2021-06-18
의왕시,초평동,57,14.0,43.0,,29,12,16,15.0,33.0,1.73,0.0,2021-06-18
의왕시,포일동,910,95.0,815.0,,426,308,176,60.0,724.0,1.26,0.0,2021-06-18
의왕시,학의동,247,33.0,214.0,,126,82,39,35.0,187.0,1.32,0.0,2021-06-18
의정부시,,58997,314.0,58683.0,0.0,12679,31835,14483,209.0,,,39.0,2021-09-01
이천시,갈산동,717,56.0,661.0,0.0,393,250,74,54.0,530.0,1.35,0.0,2022-07-29
이천시,고담동,97,10.0,87.0,0.0,43,44,10,30.0,72.0,1.35,0.0,2022-07-29
이천시,관고동,408,30.0,377.0,1.0,205,166,37,41.0,315.0,1.3,1.0,2022-07-29
이천시,단월동,47,8.0,39.0,0.0,27,13,7,17.0,32.0,1.47,0.0,2022-07-29
이천시,대월면,798,80.0,718.0,0.0,402,304,92,54.0,555.0,1.44,0.0,2022-07-29
이천시,대포동,87,8.0,79.0,0.0,56,20,11,18.0,39.0,2.23,0.0,2022-07-29
이천시,마장면,864,92.0,771.0,1.0,455,307,102,61.0,616.0,1.4,1.0,2022-07-29
이천시,모가면,283,21.0,262.0,0.0,187,71,25,41.0,135.0,2.1,0.0,2022-07-29
이천시,백사면,869,90.0,779.0,0.0,428,343,98,60.0,573.0,1.51,0.0,2022-07-29
이천시,부발읍,2092,161.0,1931.0,0.0,1115,793,184,70.0,1529.0,1.37,1.0,2022-07-29
이천시,사음동,291,19.0,272.0,0.0,156,111,24,37.0,206.0,1.41,0.0,2022-07-29
이천시,설성면,316,134.0,182.0,0.0,119,57,140,53.0,128.0,2.47,1.0,2022-07-29
이천시,송정동,779,51.0,728.0,0.0,419,294,66,63.0,590.0,1.32,0.0,2022-07-29
이천시,신둔면,1127,108.0,1019.0,0.0,613,394,120,74.0,700.0,1.61,0.0,2022-07-29
이천시,안흥동,406,34.0,372.0,0.0,224,136,46,45.0,305.0,1.33,0.0,2022-07-29
이천시,율면,123,13.0,110.0,0.0,76,35,12,26.0,60.0,2.05,0.0,2022-07-29
이천시,율현동,22,2.0,20.0,0.0,14,7,1,9.0,16.0,1.38,0.0,2022-07-29
이천시,장록동,53,8.0,45.0,0.0,21,24,8,21.0,32.0,1.66,0.0,2022-07-29
이천시,장호원읍,698,114.0,584.0,0.0,360,217,121,56.0,431.0,1.62,1.0,2022-07-29
이천시,중리동,481,36.0,445.0,0.0,259,172,50,48.0,358.0,1.34,1.0,2022-07-29
이천시,증일동,76,0.0,76.0,0.0,35,39,2,19.0,56.0,1.36,0.0,2022-07-29
이천시,증포동,982,53.0,929.0,0.0,490,419,73,52.0,768.0,1.28,1.0,2022-07-29
이천시,진리동,43,2.0,41.0,0.0,26,15,2,14.0,27.0,1.59,2.0,2022-07-29
이천시,창전동,1173,49.0,1124.0,0.0,651,445,77,60.0,902.0,1.3,5.0,2022-07-29
이천시,호법면,315,34.0,281.0,0.0,157,123,35,50.0,205.0,1.54,0.0,2022-07-29
파주시,검산동,246,9.0,237.0,0.0,142,89,15,31.0,171.0,1.44,0.0,2021-06-16
파주시,광탄면,591,41.0,549.0,1.0,355,187,49,57.0,332.0,1.78,0.0,2021-06-16
파주시,교하동,204,4.0,200.0,0.0,122,77,5,23.0,48.0,4.25,3.0,2021-06-16
파주시,교하읍,509,0.0,509.0,0.0,505,4,0,39.0,410.0,1.24,0.0,2021-06-16
파주시,군내면,6,0.0,6.0,0.0,2,4,0,3.0,5.0,1.2,0.0,2021-06-16
파주시,금능동,43,1.0,42.0,0.0,28,15,0,15.0,36.0,1.19,0.0,2021-06-16
파주시,금릉동,164,6.0,158.0,0.0,102,54,8,33.0,118.0,1.39,1.0,2021-06-16
파주시,금촌동,2809,120.0,2689.0,0.0,1707,899,203,81.0,2086.0,1.35,7.0,2021-06-16
파주시,다율동,461,19.0,442.0,0.0,259,165,37,46.0,351.0,1.31,0.0,2021-06-16
파주시,당하동,72,4.0,68.0,0.0,46,19,7,19.0,44.0,1.64,0.0,2021-06-16
파주시,동패동,2056,41.0,2014.0,1.0,1134,801,121,66.0,1513.0,1.36,1.0,2021-06-16
파주시,맥금동,23,6.0,17.0,0.0,10,9,4,9.0,21.0,1.1,0.0,2021-06-16
파주시,목동동,2682,70.0,2612.0,0.0,1592,911,179,85.0,2049.0,1.31,5.0,2021-06-16
파주시,문발동,501,7.0,494.0,0.0,303,174,24,55.0,357.0,1.4,0.0,2021-06-16
파주시,문산읍,2236,68.0,2166.0,2.0,1231,885,120,78.0,1591.0,1.41,3.0,2021-06-16
파주시,법원읍,592,24.0,565.0,3.0,395,154,43,50.0,353.0,1.68,0.0,2021-06-16
파주시,산남동,135,8.0,127.0,0.0,88,38,9,42.0,75.0,1.8,0.0,2021-06-16
파주시,상지석동,298,9.0,289.0,0.0,169,101,28,44.0,197.0,1.51,0.0,2021-06-16
파주시,서패동,30,0.0,30.0,0.0,23,7,0,12.0,20.0,1.5,0.0,2021-06-16
파주시,송촌동,55,1.0,54.0,0.0,45,10,0,15.0,19.0,2.89,0.0,2021-06-16
파주시,신촌동,44,2.0,42.0,0.0,20,17,7,23.0,28.0,1.57,0.0,2021-06-16
파주시,아동동,819,33.0,786.0,0.0,454,280,85,47.0,616.0,1.33,0.0,2021-06-16
파주시,야당동,2818,59.0,2757.0,2.0,1749,853,216,81.0,1998.0,1.41,6.0,2021-06-16
파주시,야동동,267,9.0,257.0,1.0,153,98,16,39.0,206.0,1.3,0.0,2021-06-16
파주시,연다산동,32,4.0,28.0,0.0,16,14,2,15.0,20.0,1.6,0.0,2021-06-16
파주시,오도동,48,0.0,48.0,0.0,30,16,2,17.0,22.0,2.18,0.0,2021-06-16
파주시,와동동,2575,43.0,2530.0,2.0,1690,726,159,71.0,1439.0,1.79,3.0,2021-06-16
파주시,월롱면,395,16.0,378.0,1.0,244,127,24,55.0,257.0,1.54,0.0,2021-06-16
파주시,적성면,224,18.0,206.0,0.0,134,62,28,41.0,167.0,1.34,0.0,2021-06-16
파주시,조리읍,1354,87.0,1267.0,0.0,735,461,158,65.0,959.0,1.41,0.0,2021-06-16
파주시,진동면,7,0.0,7.0,0.0,7,0,0,5.0,3.0,2.33,0.0,2021-06-16
파주시,탄현면,888,60.0,827.0,1.0,524,282,82,70.0,558.0,1.59,0.0,2021-06-16
파주시,파주읍,700,45.0,654.0,1.0,404,199,97,52.0,419.0,1.67,0.0,2021-06-16
파주시,파평면,134,6.0,128.0,0.0,72,51,11,25.0,75.0,1.79,0.0,2021-06-16
파주시,하지석동,39,3.0,36.0,0.0,23,16,0,16.0,21.0,1.86,0.0,2021-06-16
평택시,가재동,186,49.0,137.0,0.0,72,57,57,28.0,126.0,1.48,,2021-08-25
평택시,고덕면,1245,381.0,864.0,0.0,483,350,412,73.0,787.0,1.58,,2021-08-25
평택시,군문동,210,28.0,182.0,0.0,111,65,34,36.0,159.0,1.32,,2021-08-25
평택시,도일동,102,46.0,55.0,1.0,31,23,48,26.0,61.0,1.67,,2021-08-25
평택시,독곡동,564,78.0,485.0,1.0,289,178,97,42.0,409.0,1.38,,2021-08-25
평택시,동삭동,1391,142.0,1249.0,0.0,765,419,207,65.0,1031.0,1.35,,2021-08-25
평택시,모곡동,13,5.0,8.0,0.0,5,3,5,7.0,10.0,1.3,,2021-08-25
평택시,비전동,3168,393.0,2774.0,1.0,1604,1090,474,84.0,2450.0,1.29,,2021-08-25
평택시,서정동,2905,299.0,2600.0,6.0,1579,897,429,77.0,2074.0,1.4,,2021-08-25
평택시,서탄면,259,84.0,174.0,1.0,100,72,87,48.0,174.0,1.49,,2021-08-25
평택시,세교동,1314,197.0,1117.0,0.0,624,450,240,64.0,996.0,1.32,,2021-08-25
평택시,소사동,426,79.0,347.0,0.0,207,118,101,44.0,320.0,1.33,,2021-08-25
평택시,신대동,52,13.0,39.0,0.0,26,13,13,14.0,36.0,1.44,,2021-08-25
평택시,신장동,1388,135.0,1252.0,1.0,778,408,202,67.0,969.0,1.43,,2021-08-25
평택시,안중읍,2081,312.0,1769.0,0.0,972,741,368,85.0,1529.0,1.36,,2021-08-25
평택시,오성면,543,277.0,266.0,0.0,150,106,287,54.0,315.0,1.72,,2021-08-25
평택시,용이동,1652,209.0,1443.0,0.0,848,540,264,73.0,1272.0,1.3,,2021-08-25
평택시,월곡동,43,4.0,37.0,2.0,15,22,6,19.0,25.0,1.72,,2021-08-25
평택시,유천동,37,9.0,28.0,0.0,20,8,9,13.0,26.0,1.42,,2021-08-25
평택시,이충동,1457,143.0,1314.0,0.0,699,572,186,60.0,1115.0,1.31,,2021-08-25
평택시,장당동,455,35.0,420.0,0.0,229,177,49,39.0,373.0,1.22,,2021-08-25
평택시,장안동,335,59.0,275.0,1.0,158,103,74,35.0,259.0,1.29,,2021-08-25
평택시,죽백동,680,104.0,576.0,0.0,327,218,135,53.0,515.0,1.32,,2021-08-25
평택시,지산동,1662,223.0,1439.0,0.0,889,519,254,72.0,1231.0,1.35,,2021-08-25
평택시,지제동,60,16.0,44.0,0.0,24,19,17,21.0,36.0,1.67,,2021-08-25
평택시,진위면,777,240.0,537.0,0.0,298,224,255,59.0,488.0,1.59,,2021-08-25
평택시,청룡동,22,4.0,18.0,0.0,7,11,4,9.0,15.0,1.47,,2021-08-25
평택시,청북면,195,10.0,185.0,0.0,79,102,14,30.0,145.0,1.34,,2021-08-25
평택시,청북읍,1137,236.0,901.0,0.0,491,358,288,62.0,767.0,1.48,,2021-08-25
평택시,칠괴동,94,13.0,81.0,0.0,35,42,17,24.0,61.0,1.54,,2021-08-25
평택시,칠원동,336,53.0,283.0,0.0,160,96,80,36.0,232.0,1.45,,2021-08-25
평택시,통복동,450,58.0,390.0,2.0,203,174,73,45.0,353.0,1.27,,2021-08-25
평택시,팽성읍,1748,400.0,1346.0,2.0,832,452,464,85.0,1193.0,1.47,,2021-08-25
평택시,평택동,402,44.0,358.0,0.0,217,127,58,46.0,290.0,1.39,,2021-08-25
평택시,포승읍,1310,168.0,1141.0,1.0,620,491,199,64.0,934.0,1.4,,2021-08-25
평택시,합계,30234,4805.0,25409.0,20.0,14683,9733,5818,148.0,21859.0,1.38,,2021-08-25
평택시,합정동,1245,177.0,1067.0,1.0,638,395,212,61.0,903.0,1.38,,2021-08-25
평택시,현덕면,290,82.0,208.0,0.0,98,93,99,40.0,180.0,1.61,,2021-08-25
포천시,가산면,598,1.0,597.0,0.0,422,120,56,59.0,242.0,2.47,0.0,2021-08-24
포천시,관인면,139,1.0,138.0,0.0,46,43,50,23.0,91.0,1.53,0.0,2021-08-24
포천시,군내면,739,3.0,735.0,1.0,423,94,222,58.0,351.0,2.1,1.0,2021-08-24
포천시,내촌면,257,7.0,250.0,0.0,136,58,63,38.0,129.0,1.99,0.0,2021-08-24
포천시,동교동,73,0.0,73.0,0.0,52,18,3,25.0,40.0,1.83,0.0,2021-08-24
포천시,선단동,858,10.0,847.0,1.0,623,129,106,54.0,532.0,1.61,1.0,2021-08-24
포천시,설운동,68,0.0,68.0,0.0,43,7,18,20.0,38.0,1.79,0.0,2021-08-24
포천시,소흘읍,3892,15.0,3876.0,1.0,2679,1013,200,86.0,1712.0,2.27,3.0,2021-08-24
포천시,신북면,951,6.0,942.0,3.0,625,102,224,63.0,530.0,1.79,0.0,2021-08-24
포천시,신읍동,1292,11.0,1281.0,0.0,942,116,234,57.0,842.0,1.53,2.0,2021-08-24
포천시,어룡동,195,2.0,193.0,0.0,138,25,32,37.0,95.0,2.05,0.0,2021-08-24
포천시,영북면,427,8.0,419.0,0.0,229,104,94,45.0,286.0,1.49,0.0,2021-08-24
포천시,영중면,489,18.0,470.0,1.0,311,58,120,40.0,160.0,3.06,0.0,2021-08-24
포천시,이동면,339,6.0,332.0,1.0,162,68,109,42.0,198.0,1.71,0.0,2021-08-24
포천시,일동면,509,7.0,502.0,0.0,280,65,164,54.0,306.0,1.66,0.0,2021-08-24
포천시,자작동,63,0.0,63.0,0.0,34,13,16,12.0,32.0,1.97,0.0,2021-08-24
포천시,창수면,135,0.0,133.0,2.0,93,8,34,28.0,52.0,2.6,0.0,2021-08-24
포천시,화현면,144,0.0,142.0,2.0,73,17,54,28.0,83.0,1.73,0.0,2021-08-24
하남시,감북동,160,22.0,138.0,0.0,82,54,24,32.0,106.0,1.51,,2022-07-31
하남시,감이동,333,16.0,317.0,0.0,180,124,29,37.0,270.0,1.23,,2022-07-31
하남시,감일동,302,19.0,282.0,1.0,159,109,34,43.0,211.0,1.43,,2022-07-31
하남시,광암동,40,9.0,31.0,0.0,23,9,8,17.0,23.0,1.74,,2022-07-31
하남시,교산동,52,6.0,46.0,0.0,27,18,7,17.0,34.0,1.53,,2022-07-31
하남시,덕풍동,4431,178.0,4248.0,5.0,2816,1366,249,88.0,3353.0,1.32,,2022-07-31
하남시,망월동,4056,131.0,3925.0,0.0,2100,1692,264,94.0,3110.0,1.3,,2022-07-31
하남시,미사동,94,6.0,88.0,0.0,52,37,5,30.0,57.0,1.65,,2022-07-31
하남시,배알미동,13,0.0,13.0,0.0,8,5,0,8.0,8.0,1.63,,2022-07-31
하남시,상사창동,67,16.0,51.0,0.0,27,24,16,26.0,43.0,1.56,,2022-07-31
하남시,상산곡동,151,21.0,130.0,0.0,92,37,22,34.0,88.0,1.72,,2022-07-31
하남시,선동,880,35.0,845.0,0.0,455,361,64,43.0,705.0,1.25,,2022-07-31
하남시,신장동,2582,104.0,2478.0,0.0,1694,732,156,75.0,1961.0,1.32,,2022-07-31
하남시,창우동,1033,63.0,970.0,0.0,676,287,70,56.0,791.0,1.3,,2022-07-31
하남시,천현동,222,8.0,212.0,2.0,148,63,11,37.0,157.0,1.41,,2022-07-31
하남시,초이동,209,56.0,153.0,0.0,84,68,57,29.0,96.0,2.18,,2022-07-31
하남시,초일동,115,46.0,69.0,0.0,47,19,49,24.0,54.0,2.13,,2022-07-31
하남시,춘궁동,156,38.0,118.0,0.0,74,47,35,32.0,81.0,1.93,,2022-07-31
하남시,풍산동,1249,52.0,1197.0,0.0,696,448,105,59.0,984.0,1.27,,2022-07-31
하남시,하사창동,53,2.0,51.0,0.0,40,13,0,17.0,24.0,2.21,,2022-07-31
하남시,하산곡동,408,216.0,192.0,0.0,130,59,219,45.0,143.0,2.85,,2022-07-31
하남시,학암동,978,17.0,961.0,0.0,495,297,186,58.0,758.0,1.29,,2022-07-31
하남시,항동,50,18.0,32.0,0.0,18,14,18,14.0,28.0,1.79,,2022-07-31
화성시,금곡동,48,4.0,44.0,0.0,25,18,5,17.0,28.0,1.71,0.0,2022-05-31
화성시,기산동,853,36.0,816.0,1.0,408,370,75,52.0,632.0,1.35,0.0,2022-05-31
화성시,기안동,920,27.0,893.0,0.0,561,271,88,54.0,732.0,1.26,1.0,2022-05-31
화성시,남양동,101,4.0,97.0,0.0,41,55,5,26.0,82.0,1.23,0.0,2022-05-31
화성시,남양읍,2295,277.0,2015.0,3.0,1175,820,300,89.0,1610.0,1.43,8.0,2022-05-31
화성시,능동,2942,95.0,2846.0,1.0,1561,1197,184,78.0,2307.0,1.28,4.0,2022-05-31
화성시,동탄면,120,4.0,116.0,0.0,61,56,3,30.0,90.0,1.33,0.0,2022-05-31
화성시,마도면,535,101.0,434.0,0.0,315,153,67,57.0,297.0,1.8,1.0,2022-05-31
화성시,매송면,391,49.0,342.0,0.0,181,136,74,42.0,278.0,1.41,0.0,2022-05-31
화성시,목동,1268,62.0,1205.0,1.0,662,507,99,52.0,984.0,1.29,1.0,2022-05-31
화성시,무송동,2,0.0,2.0,0.0,1,1,0,2.0,2.0,1.0,0.0,2022-05-31
화성시,문호동,1,0.0,1.0,0.0,0,1,0,1.0,1.0,1.0,0.0,2022-05-31
화성시,반송동,4383,123.0,4259.0,1.0,2514,1664,205,89.0,3459.0,1.27,11.0,2022-05-31
화성시,반월동,1549,55.0,1493.0,1.0,810,633,106,64.0,1237.0,1.25,3.0,2022-05-31
화성시,반정동,68,2.0,66.0,0.0,47,16,5,22.0,43.0,1.58,0.0,2022-05-31
화성시,방교동,127,1.0,126.0,0.0,77,44,6,33.0,86.0,1.48,0.0,2022-05-31
화성시,배양동,46,6.0,40.0,0.0,29,9,8,17.0,33.0,1.39,0.0,2022-05-31
화성시,병점동,3086,62.0,3021.0,3.0,1654,1244,188,81.0,2406.0,1.28,5.0,2022-05-31
화성시,봉담읍,5228,197.0,5029.0,2.0,2977,1826,425,94.0,3887.0,1.34,6.0,2022-05-31
화성시,북양동,9,0.0,9.0,0.0,4,5,0,5.0,6.0,1.5,0.0,2022-05-31
화성시,비봉면,370,53.0,316.0,1.0,194,116,60,43.0,225.0,1.64,0.0,2022-05-31
화성시,산척동,1680,106.0,1574.0,0.0,860,643,177,58.0,1296.0,1.3,4.0,2022-05-31
화성시,새솔동,934,77.0,857.0,0.0,435,376,123,52.0,726.0,1.29,3.0,2022-05-31
화성시,서신면,401,42.0,359.0,0.0,239,121,41,53.0,255.0,1.57,0.0,2022-05-31
화성시,석우동,810,26.0,784.0,0.0,478,288,44,53.0,669.0,1.21,0.0,2022-05-31
화성시,송동,417,28.0,389.0,0.0,225,162,30,47.0,344.0,1.21,0.0,2022-05-31
화성시,송림동,10,0.0,10.0,0.0,8,2,0,5.0,2.0,5.0,0.0,2022-05-31
화성시,송산동,636,33.0,602.0,1.0,301,276,59,47.0,447.0,1.42,1.0,2022-05-31
화성시,송산면,601,35.0,565.0,1.0,370,187,44,54.0,386.0,1.56,3.0,2022-05-31
화성시,수화동,3,0.0,3.0,0.0,1,2,0,3.0,2.0,1.5,0.0,2022-05-31
화성시,신남동,16,0.0,16.0,0.0,3,13,0,9.0,14.0,1.14,0.0,2022-05-31
화성시,신동,4,0.0,4.0,0.0,4,0,0,4.0,3.0,1.33,0.0,2022-05-31
화성시,신외동,1,1.0,0.0,0.0,0,1,0,1.0,1.0,1.0,0.0,2022-05-31
화성시,안녕동,881,52.0,827.0,2.0,461,337,83,58.0,600.0,1.47,0.0,2022-05-31
화성시,안석동,2,0.0,2.0,0.0,0,2,0,2.0,2.0,1.0,0.0,2022-05-31
화성시,양감면,313,59.0,251.0,3.0,121,121,71,37.0,158.0,1.98,1.0,2022-05-31
화성시,영천동,2083,66.0,2017.0,0.0,1177,751,155,59.0,1421.0,1.47,7.0,2022-05-31
화성시,오산동,1289,48.0,1241.0,0.0,654,535,100,65.0,1004.0,1.28,1.0,2022-05-31
화성시,우정읍,1116,86.0,1029.0,1.0,642,377,97,69.0,708.0,1.58,2.0,2022-05-31
화성시,원천동,3,0.0,3.0,0.0,2,0,1,3.0,2.0,1.5,0.0,2022-05-31
화성시,장덕동,4,0.0,4.0,0.0,1,3,0,2.0,3.0,1.33,0.0,2022-05-31
화성시,장안면,788,97.0,690.0,1.0,463,217,108,60.0,400.0,1.97,0.0,2022-05-31
화성시,장전동,2,0.0,2.0,0.0,0,2,0,2.0,1.0,2.0,0.0,2022-05-31
화성시,장지동,1214,60.0,1154.0,0.0,627,487,100,59.0,909.0,1.34,1.0,2022-05-31
화성시,정남면,772,59.0,712.0,1.0,392,308,72,64.0,503.0,1.53,1.0,2022-05-31
화성시,중동,40,21.0,19.0,0.0,7,11,22,12.0,10.0,4.0,0.0,2022-05-31
화성시,진안동,1856,53.0,1802.0,1.0,962,756,138,75.0,1360.0,1.36,3.0,2022-05-31
화성시,청계동,2046,90.0,1956.0,0.0,1052,879,115,66.0,1679.0,1.22,4.0,2022-05-31
화성시,팔탄면,753,87.0,665.0,1.0,345,305,103,62.0,412.0,1.83,1.0,2022-05-31
화성시,향남읍,5180,314.0,4863.0,3.0,2110,2584,486,103.0,3719.0,1.39,6.0,2022-05-31
화성시,활초동,15,0.0,15.0,0.0,4,11,0,7.0,11.0,1.36,0.0,2022-05-31
화성시,황계동,52,16.0,36.0,0.0,19,13,20,15.0,24.0,2.17,0.0,2022-05-31
