시군명,사업장명,영업상태명,WGS84위도,WGS84경도
가평군,가평축산농협 동물병원,정상,37.8244544,127.5147113
가평군,우랑동물병원(산업동물출장진료전문병원),정상,37.8331234043,127.508920901
가평군,경기동물병원,정상,37.7357751,127.4158685
가평군,설악동물병원,정상,37.6777754,127.4903847
가평군,현리동물병원,정상,37.8204256545,127.3464232861
가평군,가평가축병원,정상,37.8249884,127.5141585
가평군,청평동물병원,정상,37.7384399692,127.4204501612
가평군,현대가축병원,정상,37.829569,127.5111914
가평군,선진가축병원(산업동물출장진료전문병원),정상,37.8293745,127.5103268
고양시,Dr.JK 동물병원,정상,37.6621933,126.7664115
고양시,고양동물병원,정상,37.7010764859,126.9018235658
고양시,스마트동물병원,정상,37.6617395,126.7647696
고양시,경서동물병원,정상,37.6006961,126.8728368
고양시,신일산동물병원,정상,37.6547395,126.7836261
고양시,더독,정상,37.6831552,126.7784297
고양시,탑케어동물의료원,정상,37.6312311266,126.831064195
고양시,고양 우리아이 동물병원,정상,37.7054151818,126.9024807106
고양시,조이동물병원,정상,37.6927946,126.7597724
고양시,펫피아 동물병원,정상,37.6155771,126.8346754
고양시,제이엠 동물병원,정상,37.6583803846,126.7733747675
고양시,오엠동물병원,정상,37.6645540055,126.7545272288
고양시,풍동동물병원,정상,37.6673787916,126.7979039985
고양시,행신동물병원,정상,37.6192756,126.8315975
고양시,마리동물병원,정상,37.6931261693,126.7675233585
고양시,풍동 라파엘 동물병원,정상,37.6672997,126.7990716
고양시,워리워리,정상,37.6816531,126.7570994
고양시,Helix ADI Center : 헬릭스 영상진단센터,정상,37.6175351014,126.8462912478
고양시,그랜드 동물병원,정상,37.6707056974,126.7581282251
고양시,24시 나음동물의료센터,정상,37.6550432318,126.7744729433
고양시,웰니스동물병원 스타필드 고양,정상,37.6470962619,126.8948092677
고양시,원흥동물의료센터,정상,37.6292705089,126.8687542134
고양시,해밀동물병원,정상,37.6653813,126.8157942
고양시,탑동물병원,정상,37.6174106969,126.8242081066
고양시,민동물병원,정상,37.6555184,126.8355939
고양시,화정동물병원,정상,37.6399356,126.8320372
고양시,헬릭스동물메디컬센터,정상,37.6175351014,126.8462912478
고양시,아이편한 동물의료센터,정상,37.6140350057,126.8344814671
고양시,Dr. dog 동물영상의료센터,정상,37.670704443,126.7812146784
고양시,쿨펫동물병원 킨텍스점,정상,37.6614886,126.7440193
고양시,위시티 동물병원,정상,37.6809381,126.8139867
고양시,수 동물병원,정상,37.6608223,126.7656566
고양시,에드워드동물병원,정상,37.6749215504,126.8081626599
고양시,해랑동물병원,정상,37.6254989841,126.8169615534
고양시,펫스티벌 동물병원,정상,37.6790208492,126.7936776896
고양시,조이동물병원 제니스점,정상,37.6940982,126.7628408
고양시,시민종합동물병원,정상,37.6746843,126.7637081
고양시,펫스마일동물병원,정상,37.6770723,126.7509592
고양시,현대동물병원,정상,37.6874592,126.777045
고양시,펫앤유 24시 동물병원,정상,37.7149313,126.851395
고양시,경서동물병원,정상,37.6006961,126.8728368
고양시,해오름 동물병원,정상,37.6588561,126.8384876
고양시,FM 동물메디컬센터,정상,37.633935495,126.8311306207
고양시,삼송동물병원,정상,37.6524937,126.8910022
고양시,고양시 동물보호센터,정상,37.6497789908,126.8700863528
고양시,삼송사랑 동물의료센터,정상,37.6507482,126.8843078
고양시,더바름동물병원,정상,,
고양시,쥬박스동물병원(탑동물병원),정상,37.6694732913,126.7613834257
고양시,닥터서동물심장병원,정상,37.6635042264,126.7510116068
고양시,중산동물메디컬센터,정상,37.6858946979,126.7772800655
고양시,소노펫 동물병원,정상,37.6625616531,126.7501934137
고양시,새로이동물병원,정상,37.6388182315,126.7875971678
고양시,서울하은동물병원,정상,37.5998867006,126.8900147913
고양시,위즈펫동물병원 풍산점,정상,37.6738193,126.7870725
고양시,하노버,정상,37.6725555218,126.7570325665
고양시,호수동물병원,정상,37.6723467,126.7573454
고양시,작은 친구 동물병원,정상,37.620278,126.8210724
고양시,삼송동물의료센터,정상,37.6543814,126.8960875
고양시,일산동물의료원,정상,37.6824317759,126.7538266641
고양시,원당동물병원,정상,37.6564072,126.8333707
고양시,해맑은 동물병원,정상,37.6912611,126.7632694
고양시,사과나무 동물병원,정상,37.6772424,126.7679054
고양시,포근한동물병원,정상,37.6481623,126.884176
고양시,참사랑,정상,37.6930436,126.780985
고양시,자유로 동물병원,정상,37.669548,126.7340737
고양시,초원동물병원,정상,37.6795472,126.7626043
고양시,토베스트 동물병원,정상,37.6723519,126.7780429
고양시,Dr.dog동물의료센터,정상,37.6706401792,126.7810225333
고양시,토론토 동물병원,정상,37.6781278,126.7558527
고양시,튼튼동물병원,정상,37.6418538178,126.7872848107
고양시,강남동물병원,정상,37.6787711,126.8110676
고양시,신원동물메디컬센터,정상,37.6618789767,126.8880641812
고양시,올리브동물병원,정상,37.6496256078,126.7802502896
고양시,백마동물병원,정상,37.6552376,126.7899027
고양시,이창훈 동물병원,정상,37.6693755,126.7763517
고양시,일산 클래식 동물병원,정상,37.6475958027,126.7829110755
고양시,365 신원당 동물병원,정상,37.6543538,126.8403447
고양시,페로페라동물병원,정상,37.6771875362,126.8123752763
고양시,애니웰 동물병원,정상,37.6398309,126.7898787
고양시,쿨펫동물병원,정상,37.6328886,126.8310678
고양시,돌봄동물병원,정상,37.6990711,126.753935
고양시,서울프라임 동물병원,정상,37.6274435,126.8288713
고양시,아마존,정상,37.6245795,126.8358671
고양시,산들동물병원,정상,37.6820201,126.7784898
고양시,앞선동물병원,정상,37.6617165,126.887781
고양시,탄현 동물병원,정상,37.6985487186,126.7655302945
고양시,이용철동물병원,정상,37.6836565405,126.7724137723
고양시,거부기 동물병원,정상,37.6618944881,126.7659256092
고양시,로하스 동물병원,정상,37.6695112639,126.7674720555
고양시,이솝동물병원,정상,37.6616277,126.7862125
고양시,진스 종합 동물병원,정상,37.6501845,126.7761267
고양시,피그만클리닉,정상,37.6528963832,126.8992287721
고양시,가람동물병원,정상,37.6543794,126.7789583
고양시,메리알 동물병원,정상,37.6399409,126.7859583
고양시,다니엘 동물병원,정상,37.6567391,126.7882099
고양시,디엔씨,정상,37.6234997889,126.8362215426
고양시,소망 동물병원,정상,37.6764934,126.8121843
고양시,봄빛동물병원,정상,37.6476034,126.7882929
고양시,중산종합동물병원,정상,37.6858946979,126.7772800655
고양시,일산시티 동물의료센터,정상,37.6601492727,126.76646432
고양시,통일로 동물병원,정상,37.687798,126.8693064
고양시,Wiz-Pet 동물병원,정상,37.6431641,126.789654
고양시,동물진료법인 쥬박스동물메디컬센터,정상,37.6694732913,126.7613834257
고양시,센트럴동물병원,정상,37.6380537487,126.8328459978
고양시,24시 라인동물의료센터,정상,37.6524252132,126.8969766222
고양시,행신동물의료센터,정상,37.6235052997,126.834000425
고양시,메리알동물병원,정상,37.613426731,126.833705087
고양시,지축오투동물의료센터,정상,37.64878743,126.9174219266
고양시,리즈펫동물병원,정상,37.6495732412,126.8962401729
고양시,대심동물병원,정상,37.6871028144,126.8666972136
고양시,더힐링동물병원,정상,37.6601067159,126.908082011
고양시,하이반려동물행동클리닉,정상,37.6504664009,126.8756238994
고양시,벳케어 동물병원,정상,37.6870729,126.7191928
고양시,반딧불 동물병원,정상,37.6703244,126.759687
고양시,김 S 동물병원,정상,37.666658318,126.7735945149
고양시,예 동물병원,정상,37.6302983,126.8694207
고양시,24일산우리동물병원,정상,37.6708974586,126.7585231859
과천시,닥터임 동물병원,정상,37.4420843536,127.0181699573
과천시,과천우주동물병원,정상,37.4228024625,126.9919491565
과천시,명성동물병원,정상,37.4469245702,127.0225819335
과천시,봄앤동물병원,정상,37.4328100932,126.9988556293
과천시,삼포동물병원,정상,37.4420843536,127.0181699573
과천시,마사랑동물병원,정상,37.447797,127.0167256
과천시,서울동물병원,정상,37.4479686,126.9941915
과천시,서울대공원 동물병원,정상,37.4364431708,127.0141028429
과천시,구자동동물병원,정상,37.4280835,126.9935046
과천시,꾸러기동물병원,정상,37.4268251693,126.992554906
과천시,슈르+ 동물병원,정상,37.4247768403,126.9920375343
과천시,한국마사회 서울부속동물병원,정상,37.4430912297,127.0175191267
광명시,광명 24 아이디동물의료센터,정상,37.4760501158,126.8659604517
광명시,아이튼튼 동물병원,정상,37.4206048681,126.8824987603
광명시,뉴광명동물메디컬센터,정상,37.4765134272,126.8533235345
광명시,마음동물병원,정상,37.432524805,126.8798011259
광명시,봄빛동물병원,정상,37.4717395,126.8743154
광명시,24시 모두의동물병원,정상,37.461694901,126.8801934925
광명시,메디힐동물병원,정상,37.4201786592,126.8837341013
광명시,치료해주오,정상,37.4484470224,126.8840449468
광명시,광명시티동물병원,정상,37.450519,126.8900719
광명시,웰니스 동물병원,정상,37.4465293847,126.8844789638
광명시,해담동물병원,정상,37.4739656716,126.8688958814
광명시,모아동물병원,정상,37.4636093693,126.8791599843
광명시,김민성 동물병원,정상,37.4721116,126.868719
광명시,온빛동물병원,정상,37.433885141,126.8796228643
광명시,하안동물병원,정상,37.4629693732,126.8791539685
광명시,앨리스동물병원,정상,37.4468543,126.8833195
광주시,송정동물의료센터,정상,37.4191413524,127.2459467465
광주시,나비누리 동물병원,정상,37.4063047071,127.2607511094
광주시,그랜드24시동물병원,정상,37.414502856,127.2518839216
광주시,우정동물병원,정상,37.3528699125,127.3444957802
광주시,도그파파,정상,37.382167141,127.4050139845
광주시,참좋은동물병원,정상,37.3587818,127.1600953
광주시,한국영양전문동물병원,정상,37.4356355811,127.2215200982
광주시,곤지암행복동물병원,정상,37.3533476,127.3316875
광주시,곤지암동물병원,정상,37.3500401,127.3383884
광주시,분당에덴동물병원,정상,37.344981,127.1774574
광주시,이솝동물병원,정상,37.3873945,127.2873915
광주시,서울동물메디컬센터,정상,37.3604164533,127.1567311425
광주시,바른동물병원,정상,37.4325321,127.2610896
광주시,푸른동물병원,정상,37.3932002,127.2319775
광주시,신장가축병원,정상,37.4069719,127.2605049
광주시,금강동물병원,정상,37.4155308594,127.2566483764
광주시,서울동물영상센터,정상,37.3604164533,127.1567311425
광주시,모란동물병원,정상,37.4143153909,127.252754683
광주시,원동물병원,정상,37.4169977,127.2736655
광주시,강남동물메디컬센터,정상,37.4617623094,127.3282244643
광주시,진영동물병원,정상,37.3498116755,127.3557925416
광주시,광주TNR동물병원(초월),정상,37.4158387426,127.276169082
광주시,새롬동물병원,정상,37.4674637611,127.319345502
광주시,광주TNR동물병원(송정),정상,37.4173524512,127.2750303074
광주시,24시 모란동물 메디컬센터,정상,37.399284,127.2736469
광주시,견우동물병원,정상,37.3909513,127.2300961
광주시,광주동물병원,정상,37.3780104,127.2535864
광주시,협동동물병원,정상,37.4083627,127.25903
광주시,동현24시동물병원,정상,37.4141428952,127.2610038926
광주시,알프스동물병원,정상,37.3938093,127.2338427
광주시,하하동물병원,정상,37.3865911,127.2343964
광주시,영주동물병원,정상,37.4139787,127.2535593
광주시,시민동물병원,정상,37.3948794053,127.2432381399
광주시,애플펫 동물병원,정상,37.3599549,127.1517674
구리시,애니케어동물병원,정상,37.5857855,127.1479023
구리시,래플즈 동물병원,정상,37.6098009259,127.1369502982
구리시,갈매동물병원,정상,37.630859,127.1171761
구리시,안심 동물의료센터,정상,37.5967577647,127.1456230079
구리시,가람동물병원,정상,37.6046438,127.1396267
구리시,아마존동물병원,정상,37.6006380038,127.1294612766
구리시,보드미동물병원,정상,37.6307247,127.1163489
구리시,아치울큐엘동물병원,정상,37.5740049284,127.1214961808
구리시,내친구동물병원,정상,37.5917557,127.143181
구리시,구리동물병원,정상,37.5980029047,127.1430569173
구리시,웰니스 동물병원,정상,37.6131390076,127.1409110928
구리시,24시 더케어 동물의료센터,정상,37.6033336486,127.1473138338
구리시,사랑우리 愛 동물병원,정상,37.6087307,127.1348662
구리시,시티종합동물병원,정상,37.5920862044,127.1329811779
구리시,하일동물병원,정상,37.6002030932,127.1374387563
구리시,토평동물병원,정상,37.5872837887,127.139404303
구리시,오블리 동물병원,정상,37.5908416424,127.1465987794
구리시,프라임동물병원,정상,37.5872734597,127.1389739411
구리시,건국동물병원,정상,37.5927847,127.1336831
군포시,그랜드동물병원,정상,37.3528624,126.9451731
군포시,뉴에스동물병원,정상,37.3607315267,126.9319873501
군포시,강남동물병원,정상,37.3597831,126.9303131
군포시,솔 동물의료센터,정상,,
군포시,행복나눔동물병원,정상,37.3485642,126.9443186
군포시,프라하동물병원,정상,37.3432272,126.9386237
군포시,군포굿닥터동물병원,정상,37.3460059356,126.945539498
군포시,산본동물병원,정상,37.3708085,126.9410048
군포시,명동물병원,정상,37.3627271,126.942287
군포시,로아동물병원,정상,37.3728667545,126.9363231939
군포시,산본중앙동물병원,정상,37.3708862608,126.9347843546
군포시,쿨펫동물병원,정상,37.3610272,126.931452
군포시,제일동물병원,정상,37.3651707,126.9295967
김포시,하나로 양한방 동물병원,정상,37.63992503,126.675251263
김포시,하트동물의료센터,정상,37.6345966588,126.7025560668
김포시,김포24시힐동물의료센터,정상,37.6408635591,126.6805907781
김포시,우리동물병원,정상,37.7108296564,126.5571688187
김포시,마송동물병원,정상,37.6893981,126.601558
김포시,중앙애견종합병원,정상,37.6209658,126.7141658
김포시,아띠동물병원,정상,37.6437657,126.6684383
김포시,하나동물병원,정상,37.6214723508,126.7158522624
김포시,가람동물병원,정상,37.6666368911,126.6370060721
김포시,한마음동물병원,정상,37.6826241315,126.6184487325
김포시,동물병원 HADA,정상,37.6432020884,126.6246956053
김포시,현대종합동물병원,정상,37.6274677,126.709247
김포시,KRH동물병원,정상,37.6272992,126.6996075
김포시,다우동물병원,정상,37.622826,126.6979152
김포시,아델동물병원,정상,37.6530756618,126.6858024226
김포시,이리온,정상,37.6460175,126.6713855
김포시,김포메디엘동물병원,정상,37.645908189,126.6259721169
김포시,쿨펫동물병원,정상,37.6443474,126.6281668
김포시,로로 동물병원,정상,37.6369306,126.6727741
김포시,하임동물의료센터,정상,37.6084128,126.724407
김포시,그루터기 동물병원,정상,37.6020926311,126.7211196398
김포시,제이스동물병원,정상,37.6034076993,126.7703412229
김포시,울디 동물병원,정상,37.6556882197,126.6275192643
김포시,고촌동물병원,정상,37.5988568,126.771855
김포시,레오동물병원,정상,37.601827,126.7703284
김포시,위브동물의료센터,정상,37.5927730291,126.7647021414
김포시,온아동물의료센터,정상,37.6429959061,126.6236325537
김포시,스타동물병원,정상,37.6441396231,126.6670434584
김포시,도그플러스,정상,37.6098616348,126.72363151
김포시,웰케어 동물병원,정상,37.5970069009,126.7248882055
김포시,수호 동물병원,정상,37.6225774,126.7211372
김포시,제일종합동물병원,정상,37.6518747,126.6238342
김포시,라움동물병원,정상,37.6367709,126.6769101
김포시,늘봄동물병원,정상,37.6441537,126.6267514
김포시,미드미동물병원,정상,37.6391916181,126.6444075485
김포시,24시쎈텀동물병원,정상,37.5938589156,126.7639438456
김포시,천풍동물병원,정상,37.690480713,126.5966997309
김포시,김포동물병원,정상,37.7106718989,126.557010657
김포시,김포씨엘동물의료센터,정상,37.6554990886,126.6855201589
김포시,땡큐DOG동물병원,정상,37.6387867977,126.6445141987
김포시,동행동물병원,정상,37.6080290398,126.7247171852
김포시,이레동물병원,정상,37.61808,126.724269
김포시,한강동물의료센터,정상,37.6482706199,126.6725857905
김포시,홈종합동물병원,정상,37.6031619,126.7213577
남양주시,마석동물병원,정상,37.6586644,127.3051845
남양주시,창현동물병원,정상,37.6458349,127.3050759
남양주시,사랑으로 동물병원,정상,37.679578,127.20778
남양주시,해밀동물병원,정상,37.7204105,127.1965275
남양주시,덕소동물병원,정상,37.5861218,127.212007
남양주시,대관령동물병원,정상,37.6339015796,127.2079181015
남양주시,나루동물병원,정상,37.6064217,127.1590068
남양주시,동물자유연대 부속 동물병원,정상,37.6567079748,127.3553030945
남양주시,참사랑동물병원,정상,37.6093395,127.1600322
남양주시,강아지나라동물병원,정상,37.7195202,127.1841737
남양주시,한강동물병원,정상,37.646939915,127.1410998318
남양주시,미리내동물병원,정상,37.651664,127.1156215
남양주시,마이펫동물병원,정상,37.6502837,127.3093546
남양주시,남양주동물병원,정상,37.6488040479,127.2353098765
남양주시,부영 동물병원,정상,37.6242919967,127.151045135
남양주시,화도동물병원,정상,37.6543868,127.2747404
남양주시,LART ACADEMY,정상,37.5859338688,127.2161134254
남양주시,탑 동물병원,정상,37.6108681,127.1555391
남양주시,메디 포즈 동물병원,정상,37.5919209,127.2284185
남양주시,성심동물병원,정상,37.6207041498,127.1601385976
남양주시,하랑동물의료센터,정상,37.6096861455,127.1651966142
남양주시,이규로동물병원,정상,37.6465592026,127.3054005058
남양주시,별사랑동물병원,정상,37.6585793342,127.1247292212
남양주시,진건동물병원,정상,37.6563947246,127.1785235211
남양주시,위너스동물의료센터,정상,37.6581821583,127.2462001536
남양주시,동진동물병원,정상,37.6514200626,127.3069975916
남양주시,자연앤동물병원,정상,37.6228358325,127.1534001286
남양주시,24시 위드힐동물메디컬센터,정상,37.6582288997,127.1250711069
남양주시,폴라동물병원,정상,37.6865399028,127.3092430216
남양주시,어강동물병원,정상,37.6332438407,127.2043959205
남양주시,다산 봄 동물병원,정상,37.6008852732,127.1735173356
남양주시,친구가 될 동물병원,정상,37.6232350733,127.1533051603
남양주시,이리온 동물메디컬센터,정상,37.722479311,127.1915597348
남양주시,드림동물병원,정상,37.7207888442,127.1862563765
남양주시,팝애니랩,정상,37.6524466804,127.1293060268
남양주시,하이 동물병원,정상,37.6971503077,127.205027151
남양주시,진접동물병원,정상,37.7197429,127.1970589
남양주시,진접솔동물병원,정상,37.729756747,127.1929821362
남양주시,별내동물병원,정상,37.6491531,127.121884
남양주시,동인동물병원,정상,37.6561954,127.2469713
남양주시,미담동물의료센터,정상,37.6669913678,127.1171126037
남양주시,다산마리동물병원,정상,37.6256263,127.1553654
남양주시,스타동물병원,정상,37.6463571,127.1248482
남양주시,장현 동물병원,정상,37.7316863,127.1935848
남양주시,로하스 동물병원,정상,37.5846939717,127.2140227766
남양주시,제일동물병원,정상,37.6470832303,127.1408044139
남양주시,내품애동물병원,정상,37.587259,127.2159503
남양주시,오남동물병원,정상,37.7023528,127.1980567
남양주시,사랑동물병원,정상,37.7084662944,127.1192911193
남양주시,대학동물병원,정상,37.6580252826,127.3014422177
남양주시,호평동물병원,정상,37.6540046,127.2432812
남양주시,햇빛동물병원,정상,37.6660361516,127.1171742035
남양주시,25시동물병원,정상,37.6520547,127.3073561
남양주시,해피동물병원,정상,37.5793945,127.2203316
남양주시,다산동물병원,정상,37.6051456,127.1565693
동두천시,러브펫동물병원,정상,37.8805761,127.0528955
동두천시,현대동물병원,정상,37.9004686,127.053034
동두천시,윤후동물병원,정상,37.8927212,127.0516191
동두천시,통일동물병원,정상,37.9016038,127.0530689
동두천시,나라동물병원,정상,37.9042166,127.0527637
동두천시,수제가축병원,정상,37.9010186,127.0522271
동두천시,이담동물병원,정상,37.8930269,127.0531768
동두천시,경기동물병원,정상,37.9020814,127.0528191
동두천시,삼성동물병원,정상,37.8933494046,127.0605891441
부천시,Be 동물병원,정상,37.4769240773,126.808069464
부천시,24시 웰니스 동물 의료센터,정상,37.4973455884,126.7759674973
부천시,중동동물병원,정상,37.4939547786,126.7669164272
부천시,연은동물병원,정상,37.5285563293,126.816318654
부천시,아름다운동물병원,정상,37.4913000839,126.7532096933
부천시,쓰담동물병원,정상,37.5024261511,126.7623647291
부천시,상동물병원,정상,37.501850382,126.7553560117
부천시,팜펫동물병원,정상,37.5047701515,126.7667880544
부천시,비엔동물전문의료센터,정상,37.4831363785,126.8084080521
부천시,온유동물병원,정상,37.5021686095,126.7805255518
부천시,채움동물병원,정상,37.5060962764,126.7568751923
부천시,TLC 동물의료센터,정상,37.5038061201,126.774151467
부천시,런던동물병원,정상,37.4837594544,126.7667445988
부천시,보우동물병원,정상,37.4688832262,126.8219287517
부천시,정다운동물병원,정상,37.4975212004,126.776678513
부천시,옥길아라동물의료센터,정상,37.4672636499,126.8240014993
부천시,부천종합동물병원,정상,37.4833779253,126.7764981865
부천시,나음동물병원,정상,37.5029598458,126.7728472713
부천시,마리동물병원,정상,37.5115321163,126.8058831204
부천시,지중해동물병원,정상,37.503909128,126.7733132455
부천시,바로 동물병원,정상,37.4905207625,126.7905577655
부천시,24시 아이동물메디컬센터,정상,37.5256664163,126.8045525602
부천시,맘스동물의료센터,정상,37.5052672037,126.7511924527
부천시,포근한동물병원,정상,37.5027000592,126.7600427362
부천시,서울 베스트 동물병원,정상,37.4926981181,126.7663065424
부천시,하모니동물병원,정상,37.497647779,126.7782158461
부천시,원종동물병원,정상,37.5269459901,126.8044954117
부천시,신세계동물병원,정상,37.4827297073,126.7810513179
부천시,월드펫동물종합병원중동역점,정상,37.4881701789,126.7657965697
부천시,조규만외과동물병원,정상,37.4882198656,126.7550162583
부천시,큐피트동물병원,정상,37.48645495,126.7800089205
부천시,현대동물병원,정상,37.5073665058,126.753909555
부천시,햇빛 동물병원,정상,37.514934338,126.7706716779
부천시,가나동물병원,정상,37.4835480172,126.763183775
부천시,S동물병원,정상,37.5040449002,126.7531732704
부천시,더본 동물병원,정상,37.5026933242,126.7705531843
부천시,다나동물병원,정상,37.5126333936,126.7529632307
부천시,정종합동물병원,정상,37.5188198912,126.8051819144
부천시,미르 동물병원,정상,37.497647779,126.7782158461
부천시,엘림동물병원,정상,37.5203038612,126.7955040055
부천시,고강동물병원,정상,37.5269039391,126.8158131377
부천시,샐리동물병원,정상,37.4836708356,126.7713602646
부천시,소풍동물병원,정상,37.5041752477,126.7566905848
부천시,하노바동물병원,정상,37.495939898,126.7643629929
부천시,훈 동물병원,정상,37.4845077741,126.7538202326
부천시,수동물병원,정상,37.5192937158,126.8045211821
부천시,소사프라임동물병원,정상,37.4746340409,126.7957632849
부천시,위더스동물병원,정상,37.5063329471,126.7515325472
부천시,동물사랑병원,정상,37.5125399734,126.7538693723
부천시,24시 이지동물의료센터,정상,37.4848338732,126.8089127096
부천시,가람동물병원,정상,37.4834543913,126.8103845067
부천시,행복한동물병원,정상,37.5040425685,126.7499601616
부천시,다솜동물병원,정상,37.4883238233,126.8122966355
부천시,로뎀종합동물병원,정상,37.4930915691,126.7908841274
부천시,24시해든동물메디컬센터,정상,37.5012741874,126.7772306084
부천시,기린동물병원,정상,37.5039873203,126.7728373059
부천시,부천준동물병원,정상,37.5043419208,126.7762732938
부천시,아이러브펫동물병원,정상,37.5043271458,126.7550485645
부천시,노엘동물병원,정상,37.4731242785,126.8087378119
부천시,부천24시SKY동물메디컬센터,정상,37.5032013091,126.7681610448
부천시,라임동물병원,정상,37.5205590619,126.8051092049
부천시,가야동물병원,정상,37.4905976661,126.7838830524
부천시,CJ동물병원,정상,37.500305922,126.7751356686
부천시,우리앤동물병원,정상,37.5002942866,126.7558692501
부천시,쿨펫동물병원(이마트 중동점),정상,37.5040675095,126.7639551478
부천시,늘봄 동물병원,정상,37.475670471,126.7957422498
성남시,굿모닝펫 동물병원,정상,37.3554075116,127.1055800248
성남시,동물병원 돌봄,정상,37.400198,127.0947456
성남시,정동물병원,정상,37.4393649425,127.1587447541
성남시,분당우리동물의료센터,정상,37.3910873,127.1261612
성남시,해오름동물병원,정상,37.4412799941,127.1601830448
성남시,빌리브동물병원,정상,37.3749852225,127.1109328338
성남시,우주동물병원,정상,37.4172661267,127.1268745977
성남시,365동판교동물병원,정상,37.3853894273,127.1113826007
성남시,장재영외과동물병원,정상,37.3912262666,127.0788330857
성남시,쿨펫동물병원,정상,37.3399823,127.1069049
성남시,웰리스 클리닉,정상,37.3587295,127.1197421
성남시,금산헤르쯔 동물병원,정상,37.369898214,127.1235978243
성남시,상록 동물병원,정상,37.3630604232,127.1134613442
성남시,정자프라임동물병원,정상,37.3653113,127.1151579
성남시,초이종합동물병원,정상,37.4422457,127.1429919
성남시,우성동물병원,정상,37.3776731,127.1328232
성남시,수 동물병원,정상,37.3919358836,127.0781399897
성남시,분당정자 동물병원,정상,37.3607871,127.1064933
성남시,지음동물의료센터,정상,37.4453759941,127.1614985344
성남시,아프리카 동물병원,정상,37.3889401776,127.122552825
성남시,우리동물병원,정상,37.3712231,127.1139136
성남시,이레외과동물병원,정상,37.3770889276,127.1119949858
성남시,판교종합 동물병원,정상,37.3934009,127.11922
성남시,25시 동물병원,정상,37.456043395,127.1629655744
성남시,휴동물의료센터,정상,37.4425512372,127.1510091205
성남시,분당밝은아이동물병원,정상,37.4169735,127.1259099
성남시,신흥동물병원,정상,37.4450548,127.1446809
성남시,미래동물의료센터 성남점,정상,37.4414927051,127.1347919138
성남시,서현동물병원,정상,37.3830995869,127.1254964279
성남시,에버펫동물병원,정상,37.3506762,127.1082401
성남시,365동물병원위례점,정상,37.4734922234,127.1499944798
성남시,시드니동물병원,정상,37.4477496,127.1279606
성남시,동물병원 Dr.정,정상,37.4555735597,127.1625719469
성남시,판교포레동물병원,정상,37.3667341672,127.0683768501
성남시,광장동물병원,정상,37.4734793704,127.1426886465
성남시,정자동물약품병원,정상,37.3644013485,127.1077012154
성남시,분당24시동물의료센터,정상,37.4084724,127.1215701
성남시,정원 양한방동물병원,정상,37.390021,127.0889854
성남시,분당다원동물병원,정상,37.3590027,127.1069424
성남시,동물병원루니,정상,37.3523685,127.1100709
성남시,성남동물병원,정상,37.4286381,127.1450453
성남시,분당고은 동물병원,정상,37.4110811,127.1341234
성남시,딜리동물병원,정상,37.4089961,127.1292064
성남시,분당데이지동물병원,정상,37.3653113,127.1151579
성남시,메르시 동물병원,정상,37.3894948952,127.0914725741
성남시,더클래스동물메디컬센터,정상,37.3608405388,127.1075955341
성남시,서공동물병원,정상,37.3733621,127.1196068
성남시,펫 앤 쉘터 동물병원,정상,37.367097985,127.1276878492
성남시,모아동물병원,정상,,
성남시,정일동물병원,정상,37.4316196462,127.1280354039
성남시,24시분당리더스동물의료원,정상,37.34004829,127.1084036802
성남시,성남다온동물병원,정상,37.4353205797,127.1384616928
성남시,고양이병원 소설,정상,37.4122218664,127.0976885913
성남시,상대원 동물병원,정상,37.4369391083,127.1583488274
성남시,분당동물병원,정상,37.3949442,127.125569
성남시,야탑서울동물병원,정상,37.4109418,127.1378506
성남시,조은동물병원,정상,37.4374832719,127.1442050312
성남시,미래동물의료센터,정상,37.384555004,127.1296913224
성남시,활기찬동물병원,정상,37.3703628,127.1434
성남시,세인트존스동물병원,정상,37.3679781,127.1054646
성남시,이진수고양이병원,정상,37.3901291125,127.0898084913
성남시,AtoZ동물병원,정상,37.3931510853,127.1091330642
성남시,수아동물병원,정상,37.4050289,127.1232927
성남시,세이브 동물병원,정상,37.4429711,127.1538414
성남시,건국 동물병원,정상,37.441967,127.1345954
성남시,서울동물병원,정상,37.440861,127.1325708
성남시,판교 행복한 동물병원,정상,37.4034214,127.1179027
성남시,행복이있는동물병원,정상,37.3503135,127.1107452
성남시,젠(Gen)동물병원,정상,37.4165578,127.1353529
성남시,해마루동물병원,정상,37.3856726877,127.121145881
성남시,프라임동물병원,정상,37.3912546,127.0768587
성남시,중앙동물병원,정상,37.4421912289,127.1355450417
성남시,분당중앙 동물병원,정상,37.3837275,127.1247152
성남시,나라 동물병원,정상,37.337757,127.1164936
성남시,서현 동물병원,정상,37.4288222398,127.1299028888
성남시,그레이트 동물병원,정상,37.3630871,127.1137435
성남시,백현 동물병원,정상,37.3875161607,127.1142231489
성남시,한국동물선진의료연구소(KASMINE) 동물심혈관신장센터,정상,37.3370097478,127.1159056976
성남시,서울동물병원,정상,37.4443266,127.1577315
성남시,이매 동물병원,정상,37.3988358,127.1263546
성남시,365동물병원 분당점,정상,37.3488452,127.1104045
성남시,최재호 한방동물병원,정상,37.4300602057,127.125160883
성남시,알로하 동물병원,정상,37.397320957,127.1135515109
성남시,Dr. 오즈 동물병원,정상,37.3719525,127.1400951
성남시,판교 P&P 동물병원,정상,37.3898880979,127.0978496921
성남시,스칸디동물병원,정상,37.4707257194,127.1412089643
성남시,아이유동물메디컬센터,정상,37.4650302953,127.1416093524
성남시,분당파크뷰 동물병원,정상,37.3746444,127.1067946
성남시,아름동물병원,정상,37.3994161,127.1227416
성남시,위례나무동물병원,정상,37.4730242,127.1500695
성남시,분당필동물병원,정상,37.3437542,127.1107132
성남시,이플동물병원,정상,37.4560758,127.1271042
성남시,반려동물암센터,정상,37.3863323,127.1238838
성남시,어니스트 동물병원,정상,37.3926966,127.076239
성남시,행복이 있는 동물병원 (정자점),정상,37.359339,127.122881
성남시,에코바이오,정상,37.4493269181,127.1593778538
성남시,도촌 동물병원,정상,37.4146195644,127.1516472839
성남시,모란동물병원,정상,37.4302772,127.1298522
성남시,현대 동물병원,정상,37.3383132,127.1093852
성남시,엔젤동물병원,정상,37.3510649,127.1067396
성남시,한국동물병원,정상,37.4376394,127.1590962
성남시,펫플러스 동물병원,정상,37.3680855,127.1062437
성남시,그레이동물의료센터,정상,37.4720511188,127.1426857626
성남시,고려애견종합병원,정상,37.4411362,127.1439842
성남시,위례중앙동물의료센터,정상,37.4730424033,127.1412657466
성남시,태평역 동물병원,정상,37.4388317865,127.1284066617
성남시,뉴욕동물병원,정상,37.3404571907,127.1093950279
성남시,엘앰시 동물병원,정상,37.439938,127.1776552
성남시,서울종합동물병원,정상,37.3745624711,127.1367204892
성남시,우리들 동물병원,정상,37.4101285256,127.1301530718
성남시,아이펫동물병원,정상,37.4134197,127.1295188
성남시,금광동물병원,정상,37.4504795483,127.1589882243
성남시,가나동물병원,정상,37.4424139,127.1377602
성남시,하온동물의료센터,정상,37.3688264929,127.1075087701
성남시,24시 폴 동물병원,정상,37.3704812,127.1074324
성남시,남현우동물병원,정상,37.3749579,127.1185367
성남시,힐링힐스 동물 치과병원,정상,37.3873850401,127.1154777296
성남시,강남동물병원,정상,37.446049261,127.1636887306
수원시,도그스타 동물병원,정상,37.2661239298,126.961255301
수원시,일리동물의료센터,정상,37.287481312,127.0602221632
수원시,에덴동물병원,정상,37.2696016948,127.0172974542
수원시,그린동물병원,정상,37.3055959197,126.9939687428
수원시,다나 동물병원,정상,37.264736245,127.0404711628
수원시,귀여운동물병원,정상,37.2786037752,127.0323102715
수원시,웰빙동물병원,정상,37.305104756,127.0462287855
수원시,24시꿈동물병원,정상,37.2632497865,127.0247024465
수원시,수원24시 바른동물의료센터,정상,37.2748505809,126.9536470852
수원시,새싹 동물병원,정상,37.2473207208,127.0449969358
수원시,수원시동물보호센터 동물병원,정상,37.2850336895,127.0787149165
수원시,한성동물병원,정상,37.2759628212,127.0233027947
수원시,공감＋동물의료센터,정상,37.2740210625,127.047611046
수원시,유동물병원,정상,37.287616632,127.0054383556
수원시,쿨펫 동물병원,정상,37.2386493715,127.0569095381
수원시,24시 당신의 동물의료센터,정상,37.3006133449,126.9840162891
수원시,순풍동물병원,정상,37.2552548187,127.011513861
수원시,다올동물의료센터 망포점,정상,37.2451586486,127.052429007
수원시,전병준동물병원,정상,37.2671339618,127.0312759294
수원시,광교 우리들동물병원,정상,37.2896692009,127.0452497274
수원시,봄나래동물병원,정상,37.2946227888,127.0560511734
수원시,뷰티펫동물병원,정상,37.2595863377,126.9626889753
수원시,고병기동물병원,정상,37.2498199557,127.0227007809
수원시,고려동물병원,정상,37.2950059522,127.0092712001
수원시,아름드리동물병원,정상,37.2937137687,127.0686138648
수원시,메리 동물병원,정상,37.2656213759,126.953871664
수원시,수원 오즈동물병원,정상,37.246899359,127.0294393616
수원시,행복사랑동물병원,정상,37.3021214563,127.0101276635
수원시,경기 동물 영상 센터,정상,37.2953778026,127.0098216349
수원시,동물의료법인 플러스,정상,37.2527899467,127.0734480502
수원시,눈이튼튼 동물병원,정상,37.2658825041,127.0339340792
수원시,채움동물병원,정상,37.2409102834,127.0493198028
수원시,화서동물병원,정상,37.2886573345,126.9957293229
수원시,에스 클래스 동물병원,정상,37.2827839999,127.0575195438
수원시,24시수원동물메디컬센터,정상,37.2461454235,127.0559523511
수원시,안녕동물병원,정상,37.2745483188,127.0607598697
수원시,티움동물병원,정상,37.2713602183,126.9571349759
수원시,돌봄동물의료센터,정상,37.2751773034,127.043554729
수원시,튼튼동물병원,정상,37.238131123,127.0277689293
수원시,장안동물병원,정상,37.3024434704,127.0095275379
수원시,쿨펫동물병원,정상,37.2502552995,127.0346956315
수원시,새봄동물병원,정상,37.2520691395,127.0710390017
수원시,하이펫동물병원,정상,37.2453607762,127.0606699969
수원시,두리동물병원,정상,37.2619541265,127.0141772387
수원시,카페거리 동물병원 동행,정상,37.2949957691,127.0545596753
수원시,마음반려 동물의료원,정상,37.2674571831,127.0264241703
수원시,펫콤동물병원,정상,37.2921655568,127.0289883446
수원시,이리온동물병원광교롯데마트점,정상,37.2908944608,127.0498002839
수원시,닥터에이스 동물병원,정상,37.2412803817,127.0590363133
수원시,온유동물병원,정상,37.2882098406,127.0573749572
수원시,위즈펫동물병원,정상,37.2627666707,127.030130105
수원시,남문동물병원,정상,37.273076607,127.0162037324
수원시,라온동물병원,정상,37.2708614807,127.0534950406
수원시,레이동물병원,정상,37.2965233954,126.9992534731
수원시,수원 스카이 동물메디컬센터,정상,37.2686073308,127.0277704079
수원시,sun동물병원,정상,37.2393793777,127.0288547509
수원시,라이언펫 수원광교동물병원,정상,37.294018193,127.0558742067
수원시,중앙동물병원,정상,37.2829053616,127.0061573155
수원시,현대동물병원,정상,37.2499691932,126.9769423143
수원시,퀸즈동물병원,정상,37.271988881,126.943054095
수원시,동수원동물종합병원(권선점),정상,37.2509324825,127.0349846442
수원시,율전동물병원,정상,37.2980768916,126.9689481809
수원시,가야동물병원,정상,37.2692084596,127.0093484416
수원시,귀족동물병원,정상,37.2928105001,127.0102218898
수원시,동물사랑동물병원,정상,37.2858606903,126.9805972945
수원시,스타동물병원,정상,37.2728632294,126.941141458
수원시,신영통동물병원,정상,37.2373836064,127.0583036527
수원시,베스트동물병원,정상,37.2971810802,126.982414995
수원시,쿨펫동물병원,정상,37.2700608855,127.0636056648
수원시,노아동물병원,정상,37.2904016514,127.0032201533
수원시,북문다솜동물병원,정상,37.289821007,127.0131632631
수원시,맘동물병원,정상,37.2908944608,127.0498002839
수원시,한마음 동물의료센터,정상,37.2910494658,127.0050887078
수원시,소담동물병원,정상,37.3031576925,126.9743286821
수원시,참사랑동물병원,정상,37.2383795903,127.0570802299
수원시,쿨펫동물병원 광교이마트점,정상,37.2963728697,127.0469017985
수원시,조원 동물병원,정상,37.3002922893,127.0168644317
수원시,수원펫 동물병원,정상,37.2549900151,127.0217209274
수원시,애니존동물병원,정상,37.2676665955,127.0292086563
수원시,매탄동물병원,정상,37.2588123234,127.042345339
수원시,광교산동물병원,정상,37.2907647608,127.0169027975
수원시,서울경기양돈농협동물병원,정상,37.2900970632,126.9846860525
수원시,연희동물병원,정상,37.2753571102,126.9759658523
수원시,본 동물의료센터,정상,37.2953778026,127.0098216349
수원시,정동물병원,정상,37.2583978295,127.0308677041
수원시,원 동물병원,정상,37.2462824054,127.0588380387
수원시,조은동물병원,정상,37.2801922767,126.9976132266
수원시,아이러브 동물병원,정상,37.3012141993,127.0087118231
수원시,영통동물병원,정상,37.2501676224,127.0736545242
수원시,방실웃는 동물병원,정상,37.264197783,127.0410834476
수원시,자연앤동물병원,정상,37.2845311786,127.0523200266
수원시,WE 동물병원,정상,37.3082096257,126.9896969444
수원시,이지훈동물병원,정상,37.2761799917,126.9785996164
수원시,청려원동물병원,정상,37.2751220691,127.0160327278
수원시,24시 숨 동물병원,정상,37.2587264608,127.0296364511
수원시,두리동물클리닉,정상,37.268793456,127.0092609049
수원시,오아시스 정형외과 신경외과 동물병원,정상,37.2915837894,127.0485551442
수원시,수원종합동물병원,정상,37.2747584792,127.044809293
수원시,이든동물병원,정상,37.2889768749,127.0009393355
수원시,연두 동물병원,정상,37.2755563649,126.9388092175
수원시,하하 동물병원,정상,37.2815157604,126.9723923351
수원시,나은동물병원,정상,37.2934229676,127.0255957925
수원시,한빛 동물병원,정상,37.2966073155,126.9831297448
수원시,효원동물병원,정상,37.255671692,127.0390489745
수원시,타임즈 동물의료센터,정상,37.2692845286,127.0280594268
수원시,레오동물병원,정상,37.2965613775,126.9954621899
수원시,닥터김 동물병원,정상,37.2559223973,127.0747272211
수원시,나루동물메디칼,정상,37.2886464914,127.0125052127
수원시,김성록동물병원,정상,37.2986231284,126.9721713148
시흥시,이지 동물병원,정상,37.4439484989,126.7921734489
시흥시,24시배곧스마트동물의료센터,정상,37.3702222869,126.7295541408
시흥시,펫츠나라 동물병원,정상,37.4412157,126.7838325
시흥시,윤슬동물병원,정상,37.3897044558,126.7356809117
시흥시,은계동물병원,정상,37.4372709361,126.8030427925
시흥시,내친구동물병원,정상,37.3701623935,126.7286625518
시흥시,24시 위드유 동물의료센터,정상,37.4365775346,126.8016249551
시흥시,고래 동물병원,정상,37.4371846,126.8020701
시흥시,배곧코코동물병원,정상,37.3639691,126.7302232
시흥시,시화종합동물병원,정상,37.3540245,126.7236113
시흥시,이산동물의료센터,정상,37.3698682495,126.8078680857
시흥시,굿모닝동물병원,정상,37.344387,126.7852427
시흥시,배곧동물병원,정상,37.3697764139,126.7302927867
시흥시,목감동물병원,정상,37.3838029,126.8598773
시흥시,연희동물의료원,정상,37.3779990067,126.7881967017
시흥시,바른마음동물병원,정상,37.3696097976,126.8099146126
시흥시,배곧도담동물병원,정상,37.3612272615,126.7145708307
시흥시,만세동물병원,정상,37.3747181,126.7341358
시흥시,시흥i동물병원,정상,37.441188805,126.7904133504
시흥시,능곡동물병원,정상,37.3679139,126.8122117
시흥시,푸른동물종합병원,정상,37.442407,126.8001012
시흥시,동그라미 동물의료센터,정상,37.3778277752,126.789700539
시흥시,더좋은 동물병원,정상,37.3681926149,126.7306929431
시흥시,시흥시동물누리보호센터 동물병원,정상,37.3739656998,126.7425381409
시흥시,닥터원동물병원,정상,37.351497,126.7412501
시흥시,서울동물병원,정상,37.441681571,126.7823848353
시흥시,시흥24시센트럴동물의료센터,정상,37.3481553901,126.7334942325
시흥시,박한준종합동물병원,정상,37.4437661,126.7890459
시흥시,참누리동물병원,정상,37.4446005,126.7972476
시흥시,정다운동물병원,정상,37.3466645,126.7318884
시흥시,신천동물병원,정상,37.4405458,126.7870436
시흥시,24시위드동물병원(정왕동동물의료센터),정상,37.3448592,126.7384179
시흥시,목감시티동물병원,정상,37.380972798,126.8606510065
시흥시,숲속동물병원,정상,37.4411579,126.7818326
시흥시,장곡애니동물병원,정상,37.3789965,126.7861024
시흥시,애니온동물병원,정상,37.3467024328,126.7346154408
시흥시,호수동물병원,정상,37.3777841561,126.852771635
시흥시,청안동물병원,정상,37.440522,126.7838572
안산시,정다운동물병원,정상,37.3293534666,126.8381295958
안산시,한국동물병원,정상,37.3086972,126.816659
안산시,우성동물병원,정상,37.3604491,126.8759842
안산시,고대영동물병원,정상,37.326392,126.8469885
안산시,안산동물병원,정상,37.3301711,126.7964992
안산시,4u동물메디컬센타,정상,37.3090212846,126.830634338
안산시,24시 온누리동물메디컬센터,정상,37.3191665297,126.8298784937
안산시,조이고양이병원X조이강아지병원,정상,37.3270777369,126.8013303964
안산시,애니동물병원,정상,37.3065068,126.84721
안산시,쥬쥬동물병원,정상,37.3146942472,126.8312160237
안산시,24시 아프리카동물병원,정상,37.3017482302,126.8135140168
안산시,꿈의동물병원,정상,37.3080917,126.827275
안산시,퍼피캣 동물병원,정상,37.3415547,126.8207195
안산시,(주)가나이십사시동물병원,정상,37.3172923375,126.8363957778
안산시,스타동물병원,정상,37.313580675,126.8367556797
안산시,김동물병원,정상,37.3207836,126.8439314
안산시,공원애견동물병원,정상,37.2899249,126.8666524
안산시,삼성동물병원,정상,37.3297841139,126.7986640157
안산시,김정태동물병원,정상,37.2976178,126.8650144
안산시,세온동물병원,정상,37.3088434179,126.8153001815
안산시,쥬시동물병원,정상,37.3094547,126.8289413
안산시,본오365동물병원,정상,37.2932287,126.8640976
안산시,미소돌봄동물병원,정상,37.3190502665,126.8461540928
안산시,유동물병원,정상,37.3328084771,126.8109916006
안산시,웰니스동물병원(고잔점),정상,37.3119141209,126.8289385051
안산시,안산 반함동물의료센터,정상,37.3255833347,126.801648984
안산시,동물은 내친구 동물병원,정상,37.2970619108,126.860323898
안산시,본동물병원,정상,37.2872027737,126.8640399673
안산시,웰니스동물병원,정상,37.3181068562,126.8467039918
안산시,그린펫동물병원,정상,37.3145598,126.8326071
안산시,우리펫동물병원,정상,37.3308115,126.7867712
안산시,대학동물병원,정상,37.3289473,126.8442639
안산시,닥터K동물병원,정상,37.3064796,126.815999
안산시,도란도란동물병원,정상,37.3029268,126.8518757
안산시,톰과 제니 동물메디컬센터,정상,37.2812194148,126.8300571673
안산시,참동물의료센터,정상,37.3186733,126.8359936
안산시,온담동물의료센터,정상,37.3244083452,126.8011068006
안산시,반월동물병원,정상,37.3112266,126.9045952
안산시,동물사랑동물병원,정상,37.3418508581,126.8166940393
안성시,바우동물병원,정상,36.9981312,127.1665845
안성시,이성준동물병원,정상,37.0065829,127.274787
안성시,아프리카동물병원,정상,36.9931304,127.1377491
안성시,일죽종합동물병원,정상,37.0898948597,127.4773267709
안성시,건국 종합 가축병원 (출장전문병원),정상,37.0922644,127.4757434
안성시,대한동물병원(출장전문),정상,37.0765611292,127.4281333283
안성시,좋은동물병원(출장전문),정상,37.0582697043,127.1947527354
안성시,발라드동물병원 (출장전문동물병원),정상,37.0893334702,127.4667161565
안성시,고려동물병원 (출장전문동물병원),정상,37.0122942107,127.3220022412
안성시,남양동물병원(출장전문),정상,37.0117583254,127.2101811871
안성시,양하무역산업동물병원(출장전문),정상,37.0471454088,127.4409364376
안성시,우리동물병원,정상,37.0042064882,127.2686780685
안성시,쿨펫동물병원,정상,37.0127265766,127.2559163951
안성시,산업동물병원,정상,37.0019653,127.2766018
안성시,마스터동물병원 (출장전문동물병원),정상,37.01755849,127.28892858
안성시,한국양봉농협 동물병원,정상,36.9720914413,127.2524622984
안성시,유수의과 동물병원,정상,37.0754563962,127.4203268006
안성시,행복한동물병원,정상,37.0069104263,127.2734287732
안성시,롯데마트 안성점 쿨펫,정상,37.0078825813,127.1994840903
안성시,안성축협동물병원,정상,36.9886278068,127.267770082
안성시,우석동물병원(출장전문),정상,37.0126410258,127.2863455508
안성시,서부동물병원(출장전문),정상,37.0007896885,127.2731728083
안성시,한신동물병원,정상,37.0754563962,127.4203268006
안성시,이룸동물병원(출장전문),정상,36.9831712647,127.2663371621
안성시,웰니스동물병원,정상,36.9945235041,127.1471670216
안성시,안성동물의료센터,정상,37.0082245844,127.2584598267
안성시,서울말전문동물병원,정상,37.0098275,127.2783491
안성시,강산동물병원,정상,37.0223245,127.1732216
안성시,함께오래동물병원,정상,37.0004724453,127.1721238134
안성시,슬기로운동물병원,정상,37.0088045679,127.2004808412
안성시,월천동물병원 (출장전문),정상,37.0122226627,127.3222009641
안양시,김인천동물병원,정상,37.364888,126.9591729
안양시,한빛동물병원,정상,37.3702753,126.957228
안양시,주현동물병원,정상,37.3962192,126.915755
안양시,다사랑동물병원,정상,37.3938454435,126.9603086238
안양시,테라리움동물병원,정상,37.4043607,126.9575913
안양시,수호천사동물병원,정상,37.3718875346,126.9582410365
안양시,비타민동물메디컬센터,정상,37.4027155905,126.9526070845
안양시,제일동물병원,정상,37.3916901,126.9516478
안양시,씨엘동물병원,정상,37.4055686116,126.9714671947
안양시,안양비산동물병원,정상,37.3959953,126.9312268
안양시,이윤권양한방동물병원,정상,37.4028609,126.917543
안양시,다온동물병원,정상,37.3834993587,126.9606764755
안양시,바우동물병원,정상,37.4023322,126.9094797
안양시,퍼스트동물병원,정상,37.3757620682,126.9559768262
안양시,동편동물병원,정상,37.4066803926,126.9721599422
안양시,평촌동물병원,정상,37.3849920846,126.9598976523
안양시,정수동물병원,정상,37.3946355,126.9765355
안양시,연합에이엠씨,정상,37.3950828974,126.9648413735
안양시,안양펫동물병원,정상,37.384735823,126.9512241537
안양시,우리동물병원,정상,37.4001274283,126.9332154054
안양시,신동물병원,정상,37.395446,126.9180935
안양시,넬에이엠씨,정상,37.3950828974,126.9648413735
안양시,월성동물병원,정상,37.3998615,126.9189017
안양시,안양동물병원,정상,37.4023333767,126.9178778382
안양시,관양동물병원,정상,37.4037486,126.959139
안양시,동물병원 오월의산책,정상,37.3730270648,126.9571034157
안양시,서울종합동물병원,정상,37.3977172,126.9774717
안양시,형제동물병원,정상,37.3924427,126.9270407
안양시,안양본동물의료센터,정상,37.3955000501,126.9714136299
안양시,JA 임상병리 동물병원,정상,37.3877508,126.9308395
안양시,석수동물병원,정상,37.4325181,126.901228
안양시,중앙동물병원,정상,37.3957206,126.9242818
안양시,동주동물병원,정상,37.3621681,126.9624819
안양시,인방동물의료센터,정상,37.3852303518,126.9607544459
안양시,이스턴동물병원,정상,37.3964462,126.9489003
안양시,평촌나무동물병원,정상,37.3948607,126.9761175
안양시,하은동물병원,정상,37.4024131742,126.9515359115
안양시,굿닥터동물병원,정상,37.4065543,126.9703418
안양시,디아나동물병원,정상,37.403613,126.9579758
안양시,경기중앙동물병원,정상,37.3877508,126.9308395
안양시,위즈펫동물병원,정상,37.3983346986,126.9353077463
안양시,안양축협동물병원,정상,37.4046810165,126.9168766643
안양시,이풍호동물병원,정상,37.4038347481,126.9490397972
안양시,쿨펫동물병원,정상,37.3948571,126.9634807
안양시,24시마음든든동물병원,정상,37.4184292612,126.9118993288
안양시,쇼독동물병원,정상,37.3933465215,126.9421461404
안양시,이룸동물병원,정상,37.3998309,126.942483
안양시,인덕원종합동물병원,정상,37.3982627546,126.9764783497
양주시,양주동물병원,정상,37.8343387,126.9768228
양주시,백석동물병원,정상,37.7948434,126.9892462
양주시,24시 양주 힐 동물의료센터,정상,37.8212241008,127.0976263047
양주시,덕계동물병원,정상,37.8281658647,127.0530898264
양주시,로뎀나무 동물의료센터,정상,37.7913644712,127.0874641435
양주시,건우동물병원,정상,37.8753051685,127.0234691656
양주시,사단법인 한국동물구조관리협회 동물병원,정상,37.8700531,126.9831861
양주시,해맑은동물병원,정상,37.7951495025,127.0796740402
양주시,캐나다동물병원,정상,37.8886625761,126.9788366591
양주시,양주축협동물병원,정상,37.8060904332,127.0819181041
양주시,김동물병원,정상,37.8288886,126.9795509
양주시,동산동물병원,정상,37.8710922934,127.0008019979
양주시,양주 온 동물병원,정상,37.8185529608,127.0940504571
양주시,로얄동물병원,정상,37.8316603173,127.0693190643
양주시,반창꼬동물병원,정상,37.8153586058,127.0903755048
양주시,안민 동물병원,정상,37.8753595121,127.0236815691
양주시,현대가축병원,정상,37.8718676505,126.9945205235
양주시,광적동물병원,정상,37.8226574472,126.9864254052
양주시,덕정동물의료센터,정상,37.8367118504,127.0680054926
양주시,의양동물병원,정상,37.8245055409,126.9824015551
양주시,양주24시해든동물의료센터,정상,37.7949277108,127.0781419351
양평군,동물병원 산책,정상,37.4960489587,127.4948074136
양평군,한서동물병원,정상,37.467364711,127.5090567973
양평군,우람동물병원,정상,37.4914250334,127.5023529671
양평군,용문조아동물병원,정상,37.4842229041,127.5925814401
양평군,중앙동물병원,정상,37.4951116169,127.4971718432
양평군,참 좋은 동물병원,정상,37.490505653,127.5014140377
양평군,양평가축병원,정상,37.4883330863,127.4919008336
양평군,용문동물병원,정상,37.4843306326,127.5931358179
양평군,개포동물병원,정상,37.5452579835,127.317686301
양평군,유일동물병원,정상,37.4810721843,127.5349159547
양평군,팜스플랜동물병원(출장전문),정상,37.4958056099,127.4952938832
양평군,초원동물병원,정상,37.4998974884,127.5099785131
양평군,폴의골목 동물병원,정상,37.6102450679,127.3492635437
양평군,양동진동물병원(출장전문),정상,37.4830701651,127.5912792607
양평군,토마스동물병원,정상,37.4944446376,127.4994570236
여주시,중앙동물병원,정상,37.295744526,127.6341393575
여주시,그린축산동물병원,정상,37.2988588,127.6279396
여주시,강산동물병원,정상,37.2919538528,127.6343265848
여주시,사랑동물병원,정상,37.2774912803,127.6379217909
여주시,여주동물병원,정상,37.27206,127.7130992
여주시,쿨펫동물병원,정상,37.2845283,127.6355566
여주시,세종가축병원,정상,37.3017183,127.645829
여주시,백산동물병원,정상,37.2995557717,127.6315305393
여주시,나무동물병원,정상,37.3010782,127.6222509
여주시,위더스 동물메디컬센터 부설 동물보호센터,정상,37.2972755,127.5758325
여주시,태성진동물병원,정상,37.2989635124,127.6336925621
여주시,푸른동물병원,정상,37.2952438992,127.6367742016
연천군,하나로 동물병원,정상,38.0258656743,127.0702469738
연천군,성심동물병원,정상,38.0235362,127.0681168
연천군,한주동물병원,정상,38.0218165,127.0662248
연천군,태능동물병원,정상,38.0236526286,127.0664544878
연천군,경기북부야생동물구조관리센터,정상,38.0024127953,127.0208708894
연천군,사랑동물병원,정상,38.0247171958,127.0691940759
연천군,혜성동물병원,정상,38.024229,127.0697232
오산시,장수동물의료원,정상,37.1491376,127.0640039
오산시,우리동물병원,정상,37.1402867373,127.0738103157
오산시,튼튼동물병원,정상,37.1588618441,127.0601165801
오산시,위더스동물의료센터,정상,37.1751932,127.0499496
오산시,저스트벳 동물병원,정상,37.1419802,127.0696145
오산시,원 종합동물병원,정상,37.1464477,127.07259
오산시,도래동물병원,정상,37.1709063155,127.0610788833
오산시,25시 종합동물병원,정상,37.1490246792,127.0722072807
오산시,참동물병원,정상,37.135313,127.0686183
오산시,경기동물메디컬센터,정상,37.1430009928,127.0740878483
오산시,오산동물병원,정상,37.1485287,127.073256
오산시,미소 동물병원,정상,37.1768163343,127.0458707095
오산시,스마일 동물병원,정상,37.1695542,127.0659457
오산시,하군이네 동물병원,정상,37.1562000581,127.0551049756
오산시,진선동물병원,정상,37.1490018,127.0651744
용인시,용인도담동물병원,정상,37.2844923,127.1534905
용인시,용인시 동물보호센터,정상,37.2433150194,127.159326276
용인시,세브란스동물병원,정상,37.3237367,127.096435
용인시,용인동물병원,정상,37.2343806,127.1890458
용인시,강남종합동물병원,정상,37.2742089,127.1054388
용인시,보정동물병원,정상,37.31393,127.1111557
용인시,순수동물병원,정상,37.3229289,127.0923047
용인시,서울샤인동물병원,정상,37.3236231493,127.0764566581
용인시,다올동물의료센터 광교점,정상,37.2967243935,127.0686079554
용인시,영동동물병원,정상,37.331424,127.1243825
용인시,제이엘 동물병원,정상,37.2809868,127.1539571
용인시,(주)펫동물병원,정상,37.2400204,127.1714562
용인시,동일동물병원,정상,37.335886992,127.0906793628
용인시,숲속동물병원,정상,37.1528196,127.1701931
용인시,Wellness clinic 동물병원,정상,37.3049883,127.1049955
용인시,구성동물병원,정상,37.301517,127.1077767
용인시,펫스토리 동물병원,정상,37.3244802,127.0770527
용인시,양지종합동물병원,정상,37.2334662,127.2866205
용인시,에버랜드 동물병원,정상,37.2899600847,127.216586166
용인시,포곡동물병원,정상,37.2817648,127.221209
용인시,스마일동물병원,정상,37.2328825,127.212098
용인시,한솔동물병원,정상,37.2039257193,127.3203474213
용인시,우리동네동물병원,정상,37.2887103,127.1111872
용인시,닥터페티앙동물병원,정상,37.2264677,127.1958209
용인시,파우동물병원,정상,37.3321457,127.1234922
용인시,삼성안내견학교 부속동물병원,정상,37.3022574513,127.206452344
용인시,함께하는 동물병원,정상,37.3038709,127.1242704
용인시,정 동물병원,정상,37.3060944,127.0846372
용인시,죽전동물병원,정상,37.3206758,127.1142115
용인시,웰 동물병원,정상,37.2967333,127.069469
용인시,백암동물병원,정상,37.1630645,127.3700293
용인시,현대동물병원,정상,37.2683966375,127.1056621306
용인시,(주)에니멀클리닉컨설팅(출장진료전문병원),정상,37.2742089,127.1054388
용인시,흥덕종합동물병원,정상,37.2764126,127.0737357
용인시,해피동물병원,정상,37.3031277883,127.1223840785
용인시,제일종합동물병원,정상,37.2711857,127.1290998
용인시,하은동물병원,정상,37.2552114,127.1097415
용인시,베테랑동물병원,정상,37.2714630186,127.1088719698
용인시,하트펫 동물병원,정상,37.2388844,127.1101918
용인시,서울앤탑 동물병원,정상,37.3318745538,127.1243832316
용인시,웰니스 동물병원,정상,37.3126818313,127.0833019523
용인시,나온동물병원,정상,37.3207707232,127.1120815431
용인시,동물병원 이음,정상,37.2740825359,127.0713991495
용인시,참누리동물병원,정상,37.3067342,127.0844687
용인시,동백동물병원,정상,37.2774653,127.1527097
용인시,마리동물의료센터,정상,37.1642041615,127.3718130812
용인시,용인죽전 24시 스카이동물메디컬센터,정상,37.3308661583,127.1093092325
용인시,해뜰동물병원,정상,37.3197567,127.1142665
용인시,나라동물병원,정상,37.2673492,127.2158123
용인시,Dr.J동물병원,정상,37.275747,127.0718296
용인시,초이스동물병원,정상,37.3351237,127.1093242
용인시,용인센트럴동물병원,정상,37.2301911101,127.2105694313
용인시,수지동물의료원,정상,37.3099295,127.0758314
용인시,광교호수 동물병원,정상,37.2977468862,127.0746723919
용인시,꿈에동물병원,정상,37.3159588,127.0734456
용인시,쿨펫 동물병원,정상,37.2779622,127.1516621
용인시,애니펫동물병원,정상,37.3072369,127.0871651
용인시,용인축협동물병원(산업동물출장진료전문),정상,37.23561,127.2031579
용인시,에이스 동물병원,정상,37.3403601486,127.0965933229
용인시,강 동물병원,정상,37.1641493,127.3717796
용인시,성복동물병원,정상,37.3151522,127.0808565
용인시,봄동물병원,정상,37.2404344,127.0739387
용인시,튼튼동물병원,정상,37.3193967,127.113826
용인시,어정동물병원,정상,37.2747983,127.1453757
용인시,리치펫동물병원,정상,37.2702108,127.1537101
용인시,죽전 쿨펫동물병원,정상,37.3253249176,127.1100038667
용인시,하임동물병원,정상,37.3222982173,127.099793737
용인시,김재원 동물병원,정상,37.2136066,127.3223603
용인시,죽전예담동물병원,정상,37.3285947,127.1153853
용인시,THE힘찬동물병원,정상,37.2813504,127.1440462
용인시,주주동물병원,정상,37.2826281,127.1114942
용인시,24시동물병원,정상,37.2790155,127.1109704
용인시,어울림동물병원,정상,37.3291161,127.0692493
용인시,행복동물병원,정상,37.3342935,127.2491983
용인시,정다운종합동물병원,정상,37.3125125,127.08038
용인시,강남동물병원,정상,37.3379765936,127.0928242345
용인시,로얄벳 동물병원,정상,37.3197368,127.0832981
용인시,즐거운동물병원,정상,37.315399,127.075408
용인시,온 동물의료센터,정상,37.2998077073,127.10761947
용인시,썬애니멀크리닉,정상,37.2804004346,127.1130107789
용인시,제일동물병원,정상,37.1651199,127.3725837
용인시,한마음동물병원,정상,37.322513,127.0941884
용인시,기흥나무동물병원,정상,37.2771545,127.1162107
용인시,AP동물병원,정상,37.3341787,127.0973845
용인시,24시 블레스동물메디컬센터,정상,37.2696803921,127.152925189
용인시,24시 서울YES동물병원,정상,37.3317610223,127.118357688
용인시,따스한 동물병원,정상,37.2910129,127.1410983
용인시,기흥로움동물병원,정상,37.2745156,127.1150793
용인시,레이크동물병원,정상,37.2852952,127.1527704
용인시,한솔양계병원,정상,37.1771414909,127.3418900618
용인시,굿모닝동물병원,정상,37.2334697,127.2112094
용인시,드림24 동물병원,정상,37.2372224145,127.2104702471
용인시,우리동물병원,정상,37.2537153,127.1101903
용인시,이리온 동물메디컬센터,정상,37.2362245103,127.1901472075
용인시,우사랑동물병원(출장전문진료병원),정상,37.2538525,127.1349097
용인시,해담은동물병원,정상,37.3166736,127.0682456
용인시,뉴케어동물병원,정상,37.2742539447,127.0739360729
용인시,스카이동물병원,정상,37.3228802961,127.0779393979
용인시,애견종합병원,정상,37.2345809,127.1989067
용인시,기흥동물병원,정상,37.2933769,127.1213777
용인시,보라종합동물병원,정상,37.2549086,127.1057733
용인시,24시 사람앤동물메디컬센터,정상,37.3126742793,127.0798246757
용인시,유앤미동물병원,정상,37.2368317294,127.0724895047
용인시,대학동물병원,정상,37.3328444,127.0984097
용인시,24시 쓰담쓰담 동물메디컬 센터,정상,37.2711528,127.1073851
용인시,백현Se동물병원,정상,37.2820308224,127.1595805132
용인시,용인해성동물병원,정상,37.2316274587,127.1867615078
용인시,윤 동물병원,정상,37.1419152507,127.1623938335
용인시,마루한동물병원,정상,37.2978746297,127.0801552407
용인시,수지성복SL동물병원,정상,37.315094114,127.0729936502
의왕시,우리집동물병원,정상,37.3885261,126.9742792
의왕시,청계종합동물병원,정상,37.3901400604,126.9948244192
의왕시,바하 고양이 병원,정상,37.3872180004,126.9798988896
의왕시,포일동물병원,정상,37.3958895,126.9847
의왕시,중앙동물병원,정상,37.3205089,126.9493721
의왕시,라포레동물메디컬센터,정상,37.3211801695,126.9493954653
의왕시,유동물병원,정상,37.3212855,126.9535346
의왕시,의왕동물병원,정상,37.35825,126.9664797
의왕시,펫가든 의왕점동물병원,정상,37.3801646,126.9736162
의왕시,엘동물병원,정상,37.3502870129,126.9735375672
의왕시,서울동물병원,정상,37.3577263843,126.9660552531
의왕시,늘솜동물병원,정상,37.3905004,126.9791116
의왕시,현대 동물병원,정상,37.3594795847,126.9670591333
의왕시,사바나동물병원,정상,37.388370292,126.9754852682
의정부시,로얄펫동물병원,정상,37.731293,127.0432661
의정부시,다빈치동물병원,정상,37.7102614957,127.0476043332
의정부시,펫인쥬동물메디컬센터,정상,37.7440613432,127.0523701762
의정부시,채플린동물병원,정상,37.7499995742,127.118580977
의정부시,에이스동물메디컬센터,정상,37.7415157,127.0517694
의정부시,나은동물병원,정상,37.7263814344,127.0534411674
의정부시,하트만 동물병원,정상,37.7244582962,127.0454981497
의정부시,도그플러스 동물병원,정상,37.7520653,127.0709869
의정부시,마리,정상,37.7554042896,127.1118184901
의정부시,의정부24시 해든동물의료센터,정상,37.7454473184,127.0941209284
의정부시,바라다동물병원,정상,37.7373458,127.0479321
의정부시,호원종합동물병원,정상,37.7252097,127.0485146
의정부시,가능동물병원,정상,37.7466839,127.0350144
의정부시,바른동물병원,정상,37.7419755,127.046662274
의정부시,하나동물병원,정상,37.7513764,127.0778965
의정부시,나라동물병원,정상,37.7454328,127.0990055
의정부시,사랑동물병원,정상,37.744538,127.0624252
의정부시,현대동물의료센터,정상,37.7361314799,127.0874416866
의정부시,의정부종합동물병원,정상,37.7371549,127.0520955
의정부시,신촌동물병원,정상,37.7482043,127.0424356
의정부시,의정부 24시 IU 동물병원,정상,37.7370372657,127.0516407148
의정부시,오즈동물병원,정상,37.7431431898,127.0574606433
의정부시,프렌즈동물병원,정상,37.7434615175,127.0487076244
의정부시,금오동물병원,정상,37.7514263,127.0698175
의정부시,내곁에동물병원,정상,37.7428547819,127.1003550384
의정부시,제일동물병원,정상,37.742795,127.0517702
의정부시,민락동물병원,정상,37.7409348,127.0903432
의정부시,서울동물병원,정상,37.7404555,127.0926457
의정부시,장암종합동물병원,정상,37.7301805307,127.0594329683
의정부시,녹양돌봄동물병원,정상,37.758237361,127.0379010136
의정부시,녹양동물병원,정상,37.756840439,127.0333573937
의정부시,럭키동물병원,정상,37.7129298,127.0480421
의정부시,위즈펫동물병원,정상,37.7430696,127.1022927
이천시,24시큰사랑동물병원,정상,37.275325452,127.4496696627
이천시,고방동물병원,정상,37.2608296,127.4758257
이천시,J&C 동물병원,정상,37.1357333412,127.5491794372
이천시,나라동물병원,정상,37.28046699,127.4381488042
이천시,주식회사 선진브릿지랩,정상,37.2585424677,127.4884972098
이천시,행복한 동물병원,정상,37.2714699365,127.4552713055
이천시,피그벳,정상,37.2522198712,127.4438213441
이천시,PMC,정상,37.2385259,127.4965123
이천시,주영 「산업동물에 대한 출장진료를 전문으로 함」,정상,37.1160969,127.6155317
이천시,제일,정상,37.2815727,127.4426801
이천시,홍익동물병원,정상,37.2198440002,127.4497516345
이천시,중부  「산업동물에 대한 출장진료를 전문으로 함」,정상,37.2771619839,127.4444683367
이천시,우리소 동물병원 『산업동물에 대한 출장진료를 전문으로 함』,정상,37.1742597,127.4801048
이천시,김세영 Poultry Clinic,정상,37.3089897,127.4022992
이천시,유수의과병원,정상,37.1714812,127.4809318
이천시,경기동물전문병원,정상,37.2770786,127.4445708
이천시,하나,정상,37.2781641764,127.4480772645
이천시,소사랑 동물병원,정상,37.1279083126,127.5210297178
이천시,장호원동물병원,정상,37.1160733,127.6252526
이천시,이천동물병원,정상,37.2788271,127.4444344
이천시,이천축산업협동조합동물병원,정상,37.2765793,127.4455713
이천시,이천동물의료센터,정상,37.287937186,127.4524478337
이천시,태성,정상,37.2811094225,127.4666206138
이천시,아라양돈동물병원,정상,37.1047335952,127.5485854126
이천시,다산동물병원 「산업동물에 대한 출장진료를 전문으로 함」,정상,37.116076,127.6143389
이천시,명성동물병원,정상,37.1377038,127.5106563
이천시,협신가축병원,정상,37.2768576,127.4458548
이천시,24시스마일동물의료센터,정상,37.2732085458,127.4530436308
이천시,우리동물병원,정상,37.2804455012,127.4498918645
이천시,아이동물병원,정상,37.270353127,127.4551518813
이천시,든든동물병원,정상,37.1680086919,127.4795701676
이천시,비포유동물병원,정상,37.2531901,127.4074149
이천시,한결산업동물병원「산업동물에 대한 출장진료를 전문으로 함」,정상,37.1330170483,127.5193242436
파주시,파주365동물의료센터,정상,37.7276785,126.7343288
파주시,카라동물병원,정상,37.8933923469,126.8798785002
파주시,운정한빛동물병원,정상,37.7124802,126.7596287
파주시,파주연천축협동물병원,정상,37.9950938097,126.9907347523
파주시,산내동물병원,정상,37.7194328329,126.737241486
파주시,운정24시동물의료센터,정상,37.7110969665,126.7458472261
파주시,행복한고양이동물병원,정상,37.7340333663,126.7520710194
파주시,부제병연구소,정상,37.9509875365,126.9136020585
파주시,한유복동물병원,정상,37.7268581128,126.8902571624
파주시,한유복동물병원,정상,37.7268581128,126.8902571624
파주시,고려동물병원,정상,37.7555869861,126.7689399798
파주시,금쪽금쪽금쪽반려동물병원,정상,37.7298682,126.7466287
파주시,행복플러스동물병원,정상,37.7235664,126.7531044
파주시,금릉동물의료센터,정상,37.7516531503,126.7682748963
파주시,라임동물병원,정상,37.7266172,126.7159681
파주시,야당동물병원,정상,37.7152652,126.7600959
파주시,웰니스클리닉 파주운정점,정상,37.7102599,126.7450405
파주시,행복한동물병원,정상,37.7577817,126.7785109
파주시,가온동물병원,정상,37.7204235,126.7453796
파주시,또바기,정상,37.709624408,126.7347682453
파주시,교하동물병원,정상,37.7580540266,126.7685297186
파주시,푸른동물병원,정상,37.7612727523,126.7774668385
파주시,Dr.Mini 하늘다람쥐 전문병원,정상,37.7189782166,126.7079382917
파주시,리버풀동물병원,정상,37.7588434,126.7777587
파주시,파주유우진료소(산업동물에 대한 출장진료를 전문으로 함),정상,37.7422869,126.8099281
파주시,에덴동물병원,정상,37.7121244709,126.7458481574
파주시,운정호수동물메디컬센터,정상,37.716536,126.7603186
파주시,대한동물병원(산업동물 출장진료 전문 동물병원),정상,37.7673980496,126.7754629237
파주시,운정W동물병원,정상,37.7323193,126.7510218
파주시,용주골동물병원,정상,37.829499,126.8336457
파주시,미엘동물병원,정상,37.7255907974,126.7182848248
파주시,다정동물병원,정상,37.7110385201,126.7508170365
파주시,파주24시동물병원,정상,37.7276493076,126.7339231039
파주시,한국동물병원(산업동물에 대한 출장진료를 전문으로 함),정상,37.8110442,126.7639844
파주시,해오름동물병원,정상,37.8678781,126.7838939
파주시,스마일양한방동물병원,정상,37.7523641,126.7678156
파주시,문산동물병원,정상,37.8549436,126.7855116
파주시,펫 파라다이스 동물병원,정상,37.7294498,126.7367159
파주시,나은동물병원,정상,37.7658932,126.7753426
파주시,금촌종합동물병원,정상,37.7643354,126.7757673
파주시,로뎀동물병원,정상,37.8606454301,126.7781575378
파주시,운정힐링 동물병원,정상,37.710472,126.7514813
평택시,부천축협 사료사업소 동물병원 (출장진료 전문),정상,36.9676318825,127.0578224698
평택시,봄날동물의료센터,정상,37.0048235996,127.1032849062
평택시,이형윤동물병원,정상,36.9911508716,127.0958829261
평택시,한동물병원 (출장진료 전문),정상,37.0084960921,126.9845925447
평택시,정동물병원,정상,36.988499113,126.9268786797
평택시,맑은숲동물병원,정상,37.0615963,127.0711968
평택시,건국동물병원 (출장진료 전문),정상,37.0519619812,126.9822968729
평택시,안중동물병원,정상,37.0188883819,126.9162070656
평택시,PET25시동물병원,정상,36.9930614312,127.0852867381
평택시,송담동물병원,정상,36.9791878798,126.9214205289
평택시,종합동물병원,정상,36.9956582,127.0826187
평택시,비전동물병원,정상,37.0026566111,127.1049258634
평택시,맥동물병원,정상,36.9940606329,127.0848879819
평택시,한호동물병원,정상,37.0618706666,127.0586146393
평택시,마음가득동물병원,정상,37.0568181,127.0589268
평택시,김기혁 동물병원 평택동점,정상,36.9943594,127.0845045
평택시,쿨펫동물병원,정상,36.9883462779,127.1117534348
평택시,에쿠스종합동물병원(출장진료 전문),정상,37.019113478,127.1319219847
평택시,블리스 동물의료센터,정상,37.0062727486,127.0893961942
평택시,다가온동물병원,정상,36.9941430679,127.1375827186
평택시,믿음동물병원(출장진료 전문),정상,36.9976531503,127.1129873196
평택시,아임동물병원,정상,,
평택시,마리동물의료센터 경기남부 분원(출장진료 전문),정상,37.0409471496,126.9388090388
평택시,엔케어동물의료센터,정상,37.003595456,127.1305356822
평택시,청북 햇살동물병원,정상,37.0184998311,126.9178513031
평택시,베스트 프렌즈 동물병원,정상,37.0903930954,127.0541621852
평택시,심재훈동물병원,정상,37.079986,127.0552326
평택시,24시 고덕동물의료센터,정상,37.0479010609,127.0449642493
평택시,24시 라움동물의료센터,정상,36.9988829632,127.1141723936
평택시,프렌즈동물병원,정상,37.0194997227,127.1035121455
평택시,라뽀동물병원,정상,37.0664867732,127.0583717405
평택시,마루동물병원,정상,36.9928821,127.1258302
평택시,펫필드동물병원,정상,36.9949017569,127.1123719256
평택시,굿모닝동물병원,정상,36.9637304599,126.9330855434
평택시,안창선동물병원,정상,37.0769854,127.0555004
평택시,보람동물병원,정상,37.0550207853,127.0062546237
평택시,강남동물병원,정상,36.9591575959,127.0433361332
평택시,청북동물병원 (출장진료 전문),정상,37.0405229515,126.9330098459
평택시,뉴본동물의료센터,정상,37.0201781097,127.09353708
평택시,타잔동물병원,정상,37.0005459,127.1118107
평택시,튼튼동물병원,정상,36.9924133,127.1072272
평택시,경기도 야생동물 구조관리센터,정상,37.1320282207,127.1183273022
평택시,제갈동물병원 (출장진료 전문),정상,37.0519619812,126.9822968729
평택시,경기동물병원(출장진료 전문),정상,37.0600619857,127.0546434181
평택시,필립동물병원,정상,37.0789619415,127.0586843386
평택시,평택축협동물병원,정상,36.9960135204,126.9412634279
평택시,이모란동물병원,정상,36.9884993,127.0888902
평택시,김대일동물병원,정상,37.0793465183,127.0627323211
평택시,코리아동물병원,정상,36.9927650474,127.0987175581
평택시,현화동물병원,정상,36.9847385,126.9250998
평택시,국립축산과학원 축산자원개발부 동물병원,정상,36.9479374287,127.0963696244
평택시,two현동물병원,정상,37.0099055968,127.0946596208
평택시,오암동물병원,정상,36.98990817,126.9274636867
포천시,백두산동물병원,정상,37.830762808,127.1492568041
포천시,중앙동물병원,정상,38.156858,127.2519508
포천시,누리팜동물병원,정상,37.9300864299,127.22363673
포천시,영중동물병원,정상,37.9999260788,127.2428286655
포천시,선동물병원,정상,37.8456782815,127.1838412362
포천시,큰동물병원,정상,38.0031561,127.2471832
포천시,일동동물병원,정상,37.9564663,127.3173128
포천시,팜스플랜동물병원 경기북부센터,정상,38.0141415947,127.2480193379
포천시,포천대신동물병원,정상,37.9005186098,127.2066059826
포천시,한성동물병원,정상,37.8682234,127.1769457
포천시,카우만 동물병원,정상,37.8903851,127.1895256
포천시,현대동물병원,정상,37.8288984291,127.1423680155
포천시,바이웰동물병원,정상,38.0010257908,127.242893165
포천시,신성동물병원,정상,37.7866469,127.2279077
포천시,해피올동물병원,정상,37.8229458,127.140142
포천시,사랑종합동물병원,정상,37.8312592,127.149506
포천시,우리동물병원,정상,37.8915504,127.1987142
포천시,라임동물병원,정상,37.948571,127.2376048
포천시,한별피그크리닉,정상,38.156858,127.2519508
포천시,대한동물병원,정상,38.0920876,127.2706538
포천시,한강동물병원,정상,37.8982209,127.2071908
포천시,포천동물병원,정상,37.9006363,127.2066631
하남시,미사 다나을 동물병원,정상,37.571352814,127.1818676828
하남시,하남숲동물병원,정상,37.5431224,127.1988969
하남시,미사숲동물의료센터,정상,37.5694276,127.1841715
하남시,미사서울동물병원,정상,37.5600982,127.1869558
하남시,고려동물병원,정상,37.546429,127.2145893
하남시,강남애니동물메디컬센터,정상,37.5471372894,127.2114380581
하남시,트레벨동물병원,정상,37.5388474,127.2119541
하남시,페테리안동물병원,정상,37.5696509983,127.1858836066
하남시,미사동물병원,정상,37.5665381,127.1882846
하남시,햇살동물병원,정상,37.541066,127.2002267
하남시,미사늘봄동물병원,정상,37.568582216,127.1839404
하남시,다나을동물병원,정상,37.5641109151,127.1939802632
하남시,서서동물의료센터,정상,37.5573982216,127.1880069952
하남시,러브펫,정상,37.5385979,127.2051986
하남시,누리동물병원,정상,37.5394317,127.2177037
하남시,위즈펫 동물병원,정상,37.5453764,127.2235596
하남시,사랑동물병원,정상,37.5408733,127.2075357
하남시,미사마이펫,정상,37.5750954,127.1895623
하남시,하남플러스 동물병원,정상,37.5406268,127.2094246
하남시,미사 센트럴 동물병원,정상,37.5579042301,127.1884804176
하남시,튼튼동물의료센터,정상,37.5624784251,127.1935793168
하남시,24시 와이즈 동물메디컬센터,정상,37.5520518079,127.2086340681
하남시,미사랑동물병원,정상,37.56327961,127.1897375359
하남시,데이동물의료센터,정상,37.5654111435,127.1913932251
하남시,한결동물병원,정상,37.5668146897,127.1904136102
하남시,나만 애 동물병원,정상,37.5043599985,127.1610061223
하남시,하남동물병원,정상,37.5370682,127.2040065
하남시,신장동물병원,정상,37.5359868,127.2093439
하남시,현대동물병원,정상,37.5411002724,127.2160118288
하남시,유앤아이동물병원,정상,37.5607527033,127.1919898944
화성시,루아동물병원,정상,37.1151595574,126.912463462
화성시,이앤장(LEE&JANG)동물병원,정상,37.1614723929,126.888982939
화성시,이로운 동물병원,정상,37.1702574606,127.1184054545
화성시,블루베어동물병원,정상,37.2055391604,127.0399062489
화성시,동탄24시동물의료센터,정상,37.2049724672,127.073965235
화성시,BL불임우병원,정상,37.0866537251,126.8191717795
화성시,뉴엘동물의료센터,정상,37.2017084042,127.1022004934
화성시,경기도 도우미견나눔센터,정상,37.173713851,126.7873804162
화성시,도하동물병원,정상,37.2062282696,127.0747583033
화성시,나인동물의료센터,정상,37.1728015831,127.1135038892
화성시,그린동물병원,정상,37.2829232128,126.8190321
화성시,24시동탄윌동물의료센터,정상,37.2023227474,127.0715798696
화성시,21세기동물병원,정상,37.1931619375,127.0733780911
화성시,베스트동물병원,정상,37.2132671529,127.0406707975
화성시,라파동물병원,정상,37.2250716783,126.9469725726
화성시,동탄스케치동물병원,정상,37.2054294534,127.1125487156
화성시,장우진동물병원,정상,37.2050918718,127.0384665042
화성시,청산동물병원,정상,37.0822077497,126.8172538888
화성시,아마존동물병원,정상,37.2141591049,126.975453972
화성시,위니펫동물병원,정상,37.2094553813,127.0340446821
화성시,손수의과병원,정상,37.133725014,126.9099218707
화성시,숲속동물병원,정상,37.2032887084,127.059685656
화성시,우정동물병원,정상,37.0800120694,126.8054829996
화성시,소망동물병원,정상,37.2103525738,126.8190537049
화성시,대한동물병원,정상,37.0805956226,126.803542567
화성시,동탄호수동물병원,정상,37.1674086336,127.1072575021
화성시,이음동물의료센터,정상,37.1687285858,127.108433375
화성시,나래동물의료센터,정상,37.2162995288,127.0558117588
화성시,메디스동물병원,정상,37.1618297159,127.1102372265
화성시,정남동물병원,정상,37.1652326788,126.9840707942
화성시,발안종합동물병원,정상,37.1322611479,126.911014039
화성시,밴스(vans)동물병원,정상,37.208407393,127.1135590374
화성시,봉담우리애동물병원,정상,37.2233499889,126.9527901685
화성시,신동물메디컬센터,정상,37.1311906066,126.9150865418
화성시,메타 동물의료센터,정상,37.1999949857,127.0734861291
화성시,서수원동물병원,정상,37.2213379932,126.9504376693
화성시,센트럴동물병원,정상,37.2081008718,127.0641993771
화성시,누리동물병원,정상,37.1942213423,127.0747017091
화성시,홍익메디칼동물병원,정상,37.0863440558,126.8201871838
화성시,동탄동물병원,정상,37.2096423398,127.0593444535
화성시,아시아동물병원,정상,37.0791831987,126.9421500028
화성시,현대동물병원,정상,37.2085521023,126.8132096848
화성시,우동물병원,정상,37.08306832,126.8179887374
화성시,한빛동물병원,정상,37.2108276182,126.8201538915
화성시,협동동물병원,정상,37.2222632912,126.9517046615
화성시,홍익동물병원,정상,37.0863440558,126.8201871838
화성시,조암동물병원,정상,37.0840394587,126.8207140671
화성시,오입력,정상,37.2103552,126.8321093
화성시,서울대동물종합병원,정상,37.2054773136,127.0379119626
화성시,해솔동물병원,정상,37.2187862589,127.0579161755
화성시,동탄중앙동물병원,정상,37.2003204054,127.1131382572
화성시,강남동물병원,정상,37.125720066,126.9208023611
화성시,동탄시티동물의료센터,정상,37.2093540384,127.0618142295
화성시,다정동물병원,정상,37.1999143346,127.042216617
화성시,향남메디동물병원,정상,37.1316802457,126.9230311069
화성시,24시핸즈동물의료센터,정상,37.197350355,127.0982682615
화성시,성균동물병원,정상,37.228416868,126.9708687094
화성시,수원화성오산축산농협 동물병원,정상,37.1546721487,126.8477074371
화성시,수성동물병원,정상,37.2052272801,126.8072446456
화성시,이리온 동물병원(병점점),정상,37.2037240986,127.0367619429
화성시,아인스 동물병원,정상,37.1816570447,127.1258623841
화성시,스마트 동물병원,정상,37.208742,127.0631169
화성시,정남동물병원,정상,37.1650553,126.9840349
화성시,수 동물병원,정상,37.156853494,126.8018188163
화성시,이루다 동물메디컬센터,정상,37.2107879241,126.8321905571
화성시,퍼스트동물병원,정상,37.1994743543,127.0617361226
화성시,우리동물병원,정상,37.2087813415,126.8154389973
화성시,한마음동물병원,정상,37.1314024914,126.9105478489
화성시,국제동물병원,정상,37.2085521023,126.8132096848
화성시,팜쉴드 동물병원,정상,37.0675107132,126.9161158413
화성시,보바인 동물병원,정상,37.0863719962,126.8282542608
화성시,중부동물병원,정상,37.1586505479,126.8548810786
화성시,파트너 동물의료센터,정상,37.2080005192,127.1104281412
화성시,고려동물병원,정상,37.2221325985,126.9745759229
화성시,숲속동물병원,정상,37.2852671232,126.8175218809
화성시,송산종합동물병원,정상,37.2146637497,126.736672703
화성시,리더스동물병원,정상,37.2004884201,127.1149065641
화성시,누리팜 산업동물병원,정상,37.0324615601,126.8531841182
화성시,힐링동물의료센터,정상,37.2363133894,127.0613876641
화성시,쥬만지동물의료센터,정상,37.2027161711,127.1237187922
화성시,S동물의료센터,정상,37.2088181193,127.0631471626
화성시,스마트동물병원(병점점),정상,37.213599746,127.0404321011
